File,Iteration,Experiment Index,Rerank_Score_v35
llm_experiment_perovskite_instability_trajectory_parameters_seed38_with_rerank_score.csv,0,107,0.040347535
llm_experiment_perovskite_instability_trajectory_parameters_seed38_with_rerank_score.csv,1,13,0.588062
llm_experiment_perovskite_instability_trajectory_parameters_seed38_with_rerank_score.csv,2,110,0.6213807
llm_experiment_perovskite_instability_trajectory_parameters_seed38_with_rerank_score.csv,3,14,0.5925965
llm_experiment_perovskite_instability_trajectory_parameters_seed38_with_rerank_score.csv,4,20,0.6255073
llm_experiment_perovskite_instability_trajectory_parameters_seed38_with_rerank_score.csv,5,19,0.6780931
llm_experiment_perovskite_instability_trajectory_parameters_seed38_with_rerank_score.csv,6,11,0.71377134
llm_experiment_perovskite_instability_trajectory_parameters_seed38_with_rerank_score.csv,7,69,0.52100873
llm_experiment_perovskite_instability_trajectory_parameters_seed38_with_rerank_score.csv,8,63,0.72254705
llm_experiment_perovskite_instability_trajectory_parameters_seed38_with_rerank_score.csv,9,3,0.63615024
llm_experiment_perovskite_instability_trajectory_parameters_seed38_with_rerank_score.csv,10,97,0.63288915
llm_experiment_perovskite_instability_trajectory_parameters_seed38_with_rerank_score.csv,11,30,0.6884899
llm_experiment_perovskite_instability_trajectory_parameters_seed38_with_rerank_score.csv,12,31,0.64236575
llm_experiment_perovskite_instability_trajectory_parameters_seed38_with_rerank_score.csv,13,91,0.609455
llm_experiment_perovskite_instability_trajectory_parameters_seed38_with_rerank_score.csv,14,64,0.63234437
llm_experiment_perovskite_instability_trajectory_parameters_seed38_with_rerank_score.csv,15,22,0.643173
llm_experiment_perovskite_instability_trajectory_parameters_seed38_with_rerank_score.csv,16,32,0.54303354
llm_experiment_perovskite_instability_trajectory_parameters_seed38_with_rerank_score.csv,17,35,0.5674818
llm_experiment_perovskite_instability_trajectory_parameters_seed38_with_rerank_score.csv,18,34,0.60861784
llm_experiment_perovskite_instability_trajectory_parameters_seed38_with_rerank_score.csv,19,33,0.62633044
llm_experiment_perovskite_instability_trajectory_parameters_seed38_with_rerank_score.csv,20,88,0.6844544
llm_experiment_perovskite_instability_trajectory_parameters_seed38_with_rerank_score.csv,21,96,0.62934244
llm_experiment_perovskite_instability_trajectory_parameters_seed38_with_rerank_score.csv,22,40,0.64128816
llm_experiment_perovskite_instability_trajectory_parameters_seed38_with_rerank_score.csv,23,89,0.57637566
llm_experiment_perovskite_instability_trajectory_parameters_seed38_with_rerank_score.csv,24,68,0.6760432
llm_experiment_perovskite_instability_trajectory_parameters_seed38_with_rerank_score.csv,25,133,0.51369345
llm_experiment_perovskite_instability_trajectory_parameters_seed38_with_rerank_score.csv,26,36,0.51325434
llm_experiment_perovskite_instability_trajectory_parameters_seed38_with_rerank_score.csv,27,132,0.61140573
llm_experiment_perovskite_instability_trajectory_parameters_seed38_with_rerank_score.csv,28,77,0.63939893
llm_experiment_perovskite_instability_trajectory_parameters_seed38_with_rerank_score.csv,29,134,0.49128565
llm_experiment_perovskite_instability_trajectory_parameters_seed38_with_rerank_score.csv,30,21,0.51076555
llm_experiment_perovskite_instability_trajectory_parameters_seed38_with_rerank_score.csv,31,106,0.4942147
llm_experiment_perovskite_instability_trajectory_parameters_seed38_with_rerank_score.csv,32,17,0.57637566
llm_experiment_perovskite_instability_trajectory_parameters_seed38_with_rerank_score.csv,33,12,0.6426349
llm_experiment_perovskite_instability_trajectory_parameters_seed38_with_rerank_score.csv,34,109,0.46949652
llm_experiment_perovskite_instability_trajectory_parameters_seed38_with_rerank_score.csv,35,37,0.4800161
llm_experiment_perovskite_instability_trajectory_parameters_seed38_with_rerank_score.csv,36,121,0.498902
llm_experiment_perovskite_instability_trajectory_parameters_seed38_with_rerank_score.csv,37,120,0.7343678
llm_experiment_perovskite_instability_trajectory_parameters_seed38_with_rerank_score.csv,38,122,0.7187726
llm_experiment_perovskite_instability_trajectory_parameters_seed38_with_rerank_score.csv,39,123,0.69795954
llm_experiment_perovskite_instability_trajectory_parameters_seed38_with_rerank_score.csv,40,73,0.7309246
llm_experiment_perovskite_instability_trajectory_parameters_seed38_with_rerank_score.csv,41,100,0.69049704
llm_experiment_perovskite_instability_trajectory_parameters_seed38_with_rerank_score.csv,42,44,0.6353361
llm_experiment_perovskite_instability_trajectory_parameters_seed38_with_rerank_score.csv,43,86,0.6504012
llm_experiment_perovskite_instability_trajectory_parameters_seed38_with_rerank_score.csv,44,59,0.68090034
llm_experiment_perovskite_instability_trajectory_parameters_seed38_with_rerank_score.csv,45,85,0.6867278
llm_experiment_perovskite_instability_trajectory_parameters_seed38_with_rerank_score.csv,46,67,0.6944897
llm_experiment_perovskite_instability_trajectory_parameters_seed38_with_rerank_score.csv,47,28,0.7467494
llm_experiment_perovskite_instability_trajectory_parameters_seed38_with_rerank_score.csv,48,29,0.66699636
llm_experiment_perovskite_instability_trajectory_parameters_seed38_with_rerank_score.csv,49,51,0.7380092
llm_experiment_perovskite_instability_trajectory_parameters_seed38_with_rerank_score.csv,50,52,0.7318455
llm_experiment_perovskite_instability_trajectory_parameters_seed38_with_rerank_score.csv,51,71,0.6685563
llm_experiment_perovskite_instability_trajectory_parameters_seed38_with_rerank_score.csv,52,39,0.6383174
llm_experiment_perovskite_instability_trajectory_parameters_seed38_with_rerank_score.csv,53,84,0.6641271
llm_experiment_perovskite_instability_trajectory_parameters_seed38_with_rerank_score.csv,54,112,0.8047902
llm_experiment_perovskite_instability_trajectory_parameters_seed39_with_rerank_score.csv,0,53,0.040347535
llm_experiment_perovskite_instability_trajectory_parameters_seed39_with_rerank_score.csv,1,50,0.66959417
llm_experiment_perovskite_instability_trajectory_parameters_seed39_with_rerank_score.csv,2,119,0.78532547
llm_experiment_perovskite_instability_trajectory_parameters_seed39_with_rerank_score.csv,3,118,0.76152116
llm_experiment_perovskite_instability_trajectory_parameters_seed39_with_rerank_score.csv,4,116,0.7623715
llm_experiment_perovskite_instability_trajectory_parameters_seed39_with_rerank_score.csv,5,117,0.64585793
llm_experiment_perovskite_instability_trajectory_parameters_seed39_with_rerank_score.csv,6,67,0.70483154
llm_experiment_perovskite_instability_trajectory_parameters_seed39_with_rerank_score.csv,7,85,0.5860734
llm_experiment_perovskite_instability_trajectory_parameters_seed39_with_rerank_score.csv,8,74,0.6191726
llm_experiment_perovskite_instability_trajectory_parameters_seed39_with_rerank_score.csv,9,58,0.6580885
llm_experiment_perovskite_instability_trajectory_parameters_seed39_with_rerank_score.csv,10,66,0.7371019
llm_experiment_perovskite_instability_trajectory_parameters_seed39_with_rerank_score.csv,11,101,0.6388584
llm_experiment_perovskite_instability_trajectory_parameters_seed39_with_rerank_score.csv,12,43,0.60049355
llm_experiment_perovskite_instability_trajectory_parameters_seed39_with_rerank_score.csv,13,127,0.6058229
llm_experiment_perovskite_instability_trajectory_parameters_seed39_with_rerank_score.csv,14,84,0.5565207
llm_experiment_perovskite_instability_trajectory_parameters_seed39_with_rerank_score.csv,15,112,0.71496695
llm_experiment_perovskite_instability_trajectory_parameters_seed40_with_rerank_score.csv,0,117,0.040347535
llm_experiment_perovskite_instability_trajectory_parameters_seed40_with_rerank_score.csv,1,96,0.6205532
llm_experiment_perovskite_instability_trajectory_parameters_seed40_with_rerank_score.csv,2,119,0.7173491
llm_experiment_perovskite_instability_trajectory_parameters_seed40_with_rerank_score.csv,3,118,0.6972179
llm_experiment_perovskite_instability_trajectory_parameters_seed40_with_rerank_score.csv,4,116,0.7152057
llm_experiment_perovskite_instability_trajectory_parameters_seed40_with_rerank_score.csv,5,62,0.6164054
llm_experiment_perovskite_instability_trajectory_parameters_seed40_with_rerank_score.csv,6,2,0.6205532
llm_experiment_perovskite_instability_trajectory_parameters_seed40_with_rerank_score.csv,7,67,0.5357549
llm_experiment_perovskite_instability_trajectory_parameters_seed40_with_rerank_score.csv,8,106,0.6420965
llm_experiment_perovskite_instability_trajectory_parameters_seed40_with_rerank_score.csv,9,66,0.6108487
llm_experiment_perovskite_instability_trajectory_parameters_seed40_with_rerank_score.csv,10,58,0.60386235
llm_experiment_perovskite_instability_trajectory_parameters_seed40_with_rerank_score.csv,11,86,0.54855317
llm_experiment_perovskite_instability_trajectory_parameters_seed40_with_rerank_score.csv,12,53,0.5596998
llm_experiment_perovskite_instability_trajectory_parameters_seed40_with_rerank_score.csv,13,100,0.58862966
llm_experiment_perovskite_instability_trajectory_parameters_seed40_with_rerank_score.csv,14,39,0.568632
llm_experiment_perovskite_instability_trajectory_parameters_seed40_with_rerank_score.csv,15,123,0.52700067
llm_experiment_perovskite_instability_trajectory_parameters_seed40_with_rerank_score.csv,16,126,0.6266047
llm_experiment_perovskite_instability_trajectory_parameters_seed40_with_rerank_score.csv,17,120,0.61834323
llm_experiment_perovskite_instability_trajectory_parameters_seed40_with_rerank_score.csv,18,85,0.60917604
llm_experiment_perovskite_instability_trajectory_parameters_seed40_with_rerank_score.csv,19,55,0.6549173
llm_experiment_perovskite_instability_trajectory_parameters_seed40_with_rerank_score.csv,20,54,0.56690645
llm_experiment_perovskite_instability_trajectory_parameters_seed40_with_rerank_score.csv,21,43,0.5608546
llm_experiment_perovskite_instability_trajectory_parameters_seed40_with_rerank_score.csv,22,98,0.6122407
llm_experiment_perovskite_instability_trajectory_parameters_seed40_with_rerank_score.csv,23,101,0.6307082
llm_experiment_perovskite_instability_trajectory_parameters_seed40_with_rerank_score.csv,24,74,0.60386235
llm_experiment_perovskite_instability_trajectory_parameters_seed40_with_rerank_score.csv,25,121,0.6522641
llm_experiment_perovskite_instability_trajectory_parameters_seed40_with_rerank_score.csv,26,127,0.50065976
llm_experiment_perovskite_instability_trajectory_parameters_seed40_with_rerank_score.csv,27,125,0.55767727
llm_experiment_perovskite_instability_trajectory_parameters_seed40_with_rerank_score.csv,28,84,0.5521781
llm_experiment_perovskite_instability_trajectory_parameters_seed40_with_rerank_score.csv,29,112,0.7014069
llm_experiment_perovskite_instability_trajectory_parameters_seed41_with_rerank_score.csv,0,97,0.040347535
llm_experiment_perovskite_instability_trajectory_parameters_seed41_with_rerank_score.csv,1,30,0.6852132
llm_experiment_perovskite_instability_trajectory_parameters_seed41_with_rerank_score.csv,2,31,0.75723875
llm_experiment_perovskite_instability_trajectory_parameters_seed41_with_rerank_score.csv,3,130,0.5889134
llm_experiment_perovskite_instability_trajectory_parameters_seed41_with_rerank_score.csv,4,3,0.6083387
llm_experiment_perovskite_instability_trajectory_parameters_seed41_with_rerank_score.csv,5,69,0.6551821
llm_experiment_perovskite_instability_trajectory_parameters_seed41_with_rerank_score.csv,6,128,0.71425
llm_experiment_perovskite_instability_trajectory_parameters_seed41_with_rerank_score.csv,7,63,0.67037153
llm_experiment_perovskite_instability_trajectory_parameters_seed41_with_rerank_score.csv,8,4,0.58408195
llm_experiment_perovskite_instability_trajectory_parameters_seed41_with_rerank_score.csv,9,22,0.57064295
llm_experiment_perovskite_instability_trajectory_parameters_seed41_with_rerank_score.csv,10,32,0.5715041
llm_experiment_perovskite_instability_trajectory_parameters_seed41_with_rerank_score.csv,11,34,0.67243975
llm_experiment_perovskite_instability_trajectory_parameters_seed41_with_rerank_score.csv,12,35,0.63939893
llm_experiment_perovskite_instability_trajectory_parameters_seed41_with_rerank_score.csv,13,91,0.64020914
llm_experiment_perovskite_instability_trajectory_parameters_seed41_with_rerank_score.csv,14,68,0.64585793
llm_experiment_perovskite_instability_trajectory_parameters_seed41_with_rerank_score.csv,15,89,0.6793707
llm_experiment_perovskite_instability_trajectory_parameters_seed41_with_rerank_score.csv,16,33,0.76554126
llm_experiment_perovskite_instability_trajectory_parameters_seed41_with_rerank_score.csv,17,88,0.6410185
llm_experiment_perovskite_instability_trajectory_parameters_seed41_with_rerank_score.csv,18,77,0.5559422
llm_experiment_perovskite_instability_trajectory_parameters_seed41_with_rerank_score.csv,19,40,0.5928793
llm_experiment_perovskite_instability_trajectory_parameters_seed41_with_rerank_score.csv,20,109,0.568057
llm_experiment_perovskite_instability_trajectory_parameters_seed41_with_rerank_score.csv,21,47,0.57780564
llm_experiment_perovskite_instability_trajectory_parameters_seed41_with_rerank_score.csv,22,132,0.58862966
llm_experiment_perovskite_instability_trajectory_parameters_seed41_with_rerank_score.csv,23,133,0.6188962
llm_experiment_perovskite_instability_trajectory_parameters_seed41_with_rerank_score.csv,24,134,0.61695945
llm_experiment_perovskite_instability_trajectory_parameters_seed41_with_rerank_score.csv,25,82,0.55391616
llm_experiment_perovskite_instability_trajectory_parameters_seed41_with_rerank_score.csv,26,12,0.58408195
llm_experiment_perovskite_instability_trajectory_parameters_seed41_with_rerank_score.csv,27,41,0.5437604
llm_experiment_perovskite_instability_trajectory_parameters_seed41_with_rerank_score.csv,28,44,0.52685463
llm_experiment_perovskite_instability_trajectory_parameters_seed41_with_rerank_score.csv,29,110,0.52685463
llm_experiment_perovskite_instability_trajectory_parameters_seed41_with_rerank_score.csv,30,96,0.5005133
llm_experiment_perovskite_instability_trajectory_parameters_seed41_with_rerank_score.csv,31,107,0.5073975
llm_experiment_perovskite_instability_trajectory_parameters_seed41_with_rerank_score.csv,32,24,0.5565207
llm_experiment_perovskite_instability_trajectory_parameters_seed41_with_rerank_score.csv,33,106,0.5596998
llm_experiment_perovskite_instability_trajectory_parameters_seed41_with_rerank_score.csv,34,108,0.53968745
llm_experiment_perovskite_instability_trajectory_parameters_seed41_with_rerank_score.csv,35,23,0.5689194
llm_experiment_perovskite_instability_trajectory_parameters_seed41_with_rerank_score.csv,36,111,0.5040288
llm_experiment_perovskite_instability_trajectory_parameters_seed41_with_rerank_score.csv,37,37,0.49626526
llm_experiment_perovskite_instability_trajectory_parameters_seed41_with_rerank_score.csv,38,18,0.43568602
llm_experiment_perovskite_instability_trajectory_parameters_seed41_with_rerank_score.csv,39,115,0.5513086
llm_experiment_perovskite_instability_trajectory_parameters_seed41_with_rerank_score.csv,40,39,0.74229145
llm_experiment_perovskite_instability_trajectory_parameters_seed41_with_rerank_score.csv,41,114,0.7014069
llm_experiment_perovskite_instability_trajectory_parameters_seed41_with_rerank_score.csv,42,113,0.6907474
llm_experiment_perovskite_instability_trajectory_parameters_seed41_with_rerank_score.csv,43,112,0.7192461
llm_experiment_perovskite_instability_trajectory_parameters_seed42_with_rerank_score.csv,0,28,0.040347535
llm_experiment_perovskite_instability_trajectory_parameters_seed42_with_rerank_score.csv,1,52,0.82254606
llm_experiment_perovskite_instability_trajectory_parameters_seed42_with_rerank_score.csv,2,51,0.76173395
llm_experiment_perovskite_instability_trajectory_parameters_seed42_with_rerank_score.csv,3,29,0.7159213
llm_experiment_perovskite_instability_trajectory_parameters_seed42_with_rerank_score.csv,4,2,0.6934942
llm_experiment_perovskite_instability_trajectory_parameters_seed42_with_rerank_score.csv,5,30,0.74318707
llm_experiment_perovskite_instability_trajectory_parameters_seed42_with_rerank_score.csv,6,23,0.69199765
llm_experiment_perovskite_instability_trajectory_parameters_seed42_with_rerank_score.csv,7,86,0.69099766
llm_experiment_perovskite_instability_trajectory_parameters_seed42_with_rerank_score.csv,8,25,0.69795954
llm_experiment_perovskite_instability_trajectory_parameters_seed42_with_rerank_score.csv,9,120,0.7043437
llm_experiment_perovskite_instability_trajectory_parameters_seed42_with_rerank_score.csv,10,121,0.7283819
llm_experiment_perovskite_instability_trajectory_parameters_seed42_with_rerank_score.csv,11,59,0.75659186
llm_experiment_perovskite_instability_trajectory_parameters_seed42_with_rerank_score.csv,12,122,0.75290436
llm_experiment_perovskite_instability_trajectory_parameters_seed42_with_rerank_score.csv,13,123,0.70871735
llm_experiment_perovskite_instability_trajectory_parameters_seed42_with_rerank_score.csv,14,60,0.78512776
llm_experiment_perovskite_instability_trajectory_parameters_seed42_with_rerank_score.csv,15,93,0.70580584
llm_experiment_perovskite_instability_trajectory_parameters_seed42_with_rerank_score.csv,16,73,0.7144891
llm_experiment_perovskite_instability_trajectory_parameters_seed42_with_rerank_score.csv,17,87,0.72348577
llm_experiment_perovskite_instability_trajectory_parameters_seed42_with_rerank_score.csv,18,109,0.6164054
llm_experiment_perovskite_instability_trajectory_parameters_seed42_with_rerank_score.csv,19,100,0.64047897
llm_experiment_perovskite_instability_trajectory_parameters_seed42_with_rerank_score.csv,20,80,0.6420965
llm_experiment_perovskite_instability_trajectory_parameters_seed42_with_rerank_score.csv,21,9,0.68191797
llm_experiment_perovskite_instability_trajectory_parameters_seed42_with_rerank_score.csv,22,24,0.64773196
llm_experiment_perovskite_instability_trajectory_parameters_seed42_with_rerank_score.csv,23,74,0.6994397
llm_experiment_perovskite_instability_trajectory_parameters_seed42_with_rerank_score.csv,24,44,0.6693348
llm_experiment_perovskite_instability_trajectory_parameters_seed42_with_rerank_score.csv,25,5,0.6347929
llm_experiment_perovskite_instability_trajectory_parameters_seed42_with_rerank_score.csv,26,104,0.6271529
llm_experiment_perovskite_instability_trajectory_parameters_seed42_with_rerank_score.csv,27,119,0.65173227
llm_experiment_perovskite_instability_trajectory_parameters_seed42_with_rerank_score.csv,28,125,0.67037153
llm_experiment_perovskite_instability_trajectory_parameters_seed42_with_rerank_score.csv,29,126,0.73596483
llm_experiment_perovskite_instability_trajectory_parameters_seed42_with_rerank_score.csv,30,75,0.7368747
llm_experiment_perovskite_instability_trajectory_parameters_seed42_with_rerank_score.csv,31,124,0.73596483
llm_experiment_perovskite_instability_trajectory_parameters_seed42_with_rerank_score.csv,32,127,0.7125728
llm_experiment_perovskite_instability_trajectory_parameters_seed42_with_rerank_score.csv,33,15,0.6607204
llm_experiment_perovskite_instability_trajectory_parameters_seed42_with_rerank_score.csv,34,98,0.7306941
llm_experiment_perovskite_instability_trajectory_parameters_seed42_with_rerank_score.csv,35,102,0.6786044
llm_experiment_perovskite_instability_trajectory_parameters_seed42_with_rerank_score.csv,36,128,0.6565047
llm_experiment_perovskite_instability_trajectory_parameters_seed42_with_rerank_score.csv,37,129,0.6439794
llm_experiment_perovskite_instability_trajectory_parameters_seed42_with_rerank_score.csv,38,130,0.6757865
llm_experiment_perovskite_instability_trajectory_parameters_seed42_with_rerank_score.csv,39,131,0.64236575
llm_experiment_perovskite_instability_trajectory_parameters_seed42_with_rerank_score.csv,40,49,0.6711479
llm_experiment_perovskite_instability_trajectory_parameters_seed42_with_rerank_score.csv,41,114,0.5798055
llm_experiment_perovskite_instability_trajectory_parameters_seed42_with_rerank_score.csv,42,113,0.680136
llm_experiment_perovskite_instability_trajectory_parameters_seed42_with_rerank_score.csv,43,112,0.6255073
llm_experiment_perovskite_instability_trajectory_parameters_seed42_run1_with_rerank_score.csv,0,28,0.040347535
llm_experiment_perovskite_instability_trajectory_parameters_seed42_run1_with_rerank_score.csv,1,52,0.82254606
llm_experiment_perovskite_instability_trajectory_parameters_seed42_run1_with_rerank_score.csv,2,51,0.75027883
llm_experiment_perovskite_instability_trajectory_parameters_seed42_run1_with_rerank_score.csv,3,86,0.6643884
llm_experiment_perovskite_instability_trajectory_parameters_seed42_run1_with_rerank_score.csv,4,29,0.75027883
llm_experiment_perovskite_instability_trajectory_parameters_seed42_run1_with_rerank_score.csv,5,2,0.6625569
llm_experiment_perovskite_instability_trajectory_parameters_seed42_run1_with_rerank_score.csv,6,6,0.7065353
llm_experiment_perovskite_instability_trajectory_parameters_seed42_run1_with_rerank_score.csv,7,39,0.67988104
llm_experiment_perovskite_instability_trajectory_parameters_seed42_run1_with_rerank_score.csv,8,71,0.69573146
llm_experiment_perovskite_instability_trajectory_parameters_seed42_run1_with_rerank_score.csv,9,66,0.7055624
llm_experiment_perovskite_instability_trajectory_parameters_seed42_run1_with_rerank_score.csv,10,126,0.6803909
llm_experiment_perovskite_instability_trajectory_parameters_seed42_run1_with_rerank_score.csv,11,125,0.79637206
llm_experiment_perovskite_instability_trajectory_parameters_seed42_run1_with_rerank_score.csv,12,75,0.73914057
llm_experiment_perovskite_instability_trajectory_parameters_seed42_run1_with_rerank_score.csv,13,124,0.7610953
llm_experiment_perovskite_instability_trajectory_parameters_seed42_run1_with_rerank_score.csv,14,127,0.65966886
llm_experiment_perovskite_instability_trajectory_parameters_seed42_run1_with_rerank_score.csv,15,113,0.5769478
llm_experiment_perovskite_instability_trajectory_parameters_seed42_run1_with_rerank_score.csv,16,114,0.6651719
llm_experiment_perovskite_instability_trajectory_parameters_seed42_run1_with_rerank_score.csv,17,84,0.6625569
llm_experiment_perovskite_instability_trajectory_parameters_seed42_run1_with_rerank_score.csv,18,112,0.7185356
llm_experiment_perovskite_instability_trajectory_parameters_seed42_run2_with_rerank_score.csv,0,28,0.040347535
llm_experiment_perovskite_instability_trajectory_parameters_seed42_run2_with_rerank_score.csv,1,52,0.82254606
llm_experiment_perovskite_instability_trajectory_parameters_seed42_run2_with_rerank_score.csv,2,51,0.74273956
llm_experiment_perovskite_instability_trajectory_parameters_seed42_run2_with_rerank_score.csv,3,57,0.67192334
llm_experiment_perovskite_instability_trajectory_parameters_seed42_run2_with_rerank_score.csv,4,29,0.69795954
llm_experiment_perovskite_instability_trajectory_parameters_seed42_run2_with_rerank_score.csv,5,86,0.6821721
llm_experiment_perovskite_instability_trajectory_parameters_seed42_run2_with_rerank_score.csv,6,25,0.7552947
llm_experiment_perovskite_instability_trajectory_parameters_seed42_run2_with_rerank_score.csv,7,2,0.7402687
llm_experiment_perovskite_instability_trajectory_parameters_seed42_run2_with_rerank_score.csv,8,23,0.72907686
llm_experiment_perovskite_instability_trajectory_parameters_seed42_run2_with_rerank_score.csv,9,85,0.769098
llm_experiment_perovskite_instability_trajectory_parameters_seed42_run2_with_rerank_score.csv,10,59,0.7283819
llm_experiment_perovskite_instability_trajectory_parameters_seed42_run2_with_rerank_score.csv,11,67,0.73299384
llm_experiment_perovskite_instability_trajectory_parameters_seed42_run2_with_rerank_score.csv,12,58,0.7382357
llm_experiment_perovskite_instability_trajectory_parameters_seed42_run2_with_rerank_score.csv,13,116,0.6461259
llm_experiment_perovskite_instability_trajectory_parameters_seed42_run2_with_rerank_score.csv,14,119,0.7101667
llm_experiment_perovskite_instability_trajectory_parameters_seed42_run2_with_rerank_score.csv,15,118,0.725824
llm_experiment_perovskite_instability_trajectory_parameters_seed42_run2_with_rerank_score.csv,16,117,0.5971152
llm_experiment_perovskite_instability_trajectory_parameters_seed42_run2_with_rerank_score.csv,17,101,0.5380859
llm_experiment_perovskite_instability_trajectory_parameters_seed42_run2_with_rerank_score.csv,18,54,0.58237284
llm_experiment_perovskite_instability_trajectory_parameters_seed42_run2_with_rerank_score.csv,19,53,0.6522641
llm_experiment_perovskite_instability_trajectory_parameters_seed42_run2_with_rerank_score.csv,20,55,0.5769478
llm_experiment_perovskite_instability_trajectory_parameters_seed42_run2_with_rerank_score.csv,21,66,0.5602773
llm_experiment_perovskite_instability_trajectory_parameters_seed42_run2_with_rerank_score.csv,22,105,0.609455
llm_experiment_perovskite_instability_trajectory_parameters_seed42_run2_with_rerank_score.csv,23,43,0.5920305
llm_experiment_perovskite_instability_trajectory_parameters_seed42_run2_with_rerank_score.csv,24,102,0.57035583
llm_experiment_perovskite_instability_trajectory_parameters_seed42_run2_with_rerank_score.csv,25,39,0.54971373
llm_experiment_perovskite_instability_trajectory_parameters_seed42_run2_with_rerank_score.csv,26,71,0.53473455
llm_experiment_perovskite_instability_trajectory_parameters_seed42_run2_with_rerank_score.csv,27,127,0.55478466
llm_experiment_perovskite_instability_trajectory_parameters_seed42_run2_with_rerank_score.csv,28,84,0.47051823
llm_experiment_perovskite_instability_trajectory_parameters_seed42_run2_with_rerank_score.csv,29,112,0.7140107
llm_experiment_perovskite_instability_trajectory_parameters_seed42_run3_with_rerank_score.csv,0,28,0.040347535
llm_experiment_perovskite_instability_trajectory_parameters_seed42_run3_with_rerank_score.csv,1,52,0.82254606
llm_experiment_perovskite_instability_trajectory_parameters_seed42_run3_with_rerank_score.csv,2,51,0.7434107
llm_experiment_perovskite_instability_trajectory_parameters_seed42_run3_with_rerank_score.csv,3,29,0.6493346
llm_experiment_perovskite_instability_trajectory_parameters_seed42_run3_with_rerank_score.csv,4,86,0.6852132
llm_experiment_perovskite_instability_trajectory_parameters_seed42_run3_with_rerank_score.csv,5,2,0.77873385
llm_experiment_perovskite_instability_trajectory_parameters_seed42_run3_with_rerank_score.csv,6,85,0.73891455
llm_experiment_perovskite_instability_trajectory_parameters_seed42_run3_with_rerank_score.csv,7,67,0.75723875
llm_experiment_perovskite_instability_trajectory_parameters_seed42_run3_with_rerank_score.csv,8,58,0.694241
llm_experiment_perovskite_instability_trajectory_parameters_seed42_run3_with_rerank_score.csv,9,101,0.63452125
llm_experiment_perovskite_instability_trajectory_parameters_seed42_run3_with_rerank_score.csv,10,55,0.57322514
llm_experiment_perovskite_instability_trajectory_parameters_seed42_run3_with_rerank_score.csv,11,74,0.5674818
llm_experiment_perovskite_instability_trajectory_parameters_seed42_run3_with_rerank_score.csv,12,53,0.7279179
llm_experiment_perovskite_instability_trajectory_parameters_seed42_run3_with_rerank_score.csv,13,66,0.6607204
llm_experiment_perovskite_instability_trajectory_parameters_seed42_run3_with_rerank_score.csv,14,116,0.6077801
llm_experiment_perovskite_instability_trajectory_parameters_seed42_run3_with_rerank_score.csv,15,119,0.71185225
llm_experiment_perovskite_instability_trajectory_parameters_seed42_run3_with_rerank_score.csv,16,118,0.7602419
llm_experiment_perovskite_instability_trajectory_parameters_seed42_run3_with_rerank_score.csv,17,117,0.5820878
llm_experiment_perovskite_instability_trajectory_parameters_seed42_run3_with_rerank_score.csv,18,127,0.51383984
llm_experiment_perovskite_instability_trajectory_parameters_seed42_run3_with_rerank_score.csv,19,54,0.5617203
llm_experiment_perovskite_instability_trajectory_parameters_seed42_run3_with_rerank_score.csv,20,43,0.4703723
llm_experiment_perovskite_instability_trajectory_parameters_seed42_run3_with_rerank_score.csv,21,75,0.4122231
llm_experiment_perovskite_instability_trajectory_parameters_seed42_run3_with_rerank_score.csv,22,50,0.48703963
llm_experiment_perovskite_instability_trajectory_parameters_seed42_run3_with_rerank_score.csv,23,112,0.4942147
llm_experiment_perovskite_instability_trajectory_parameters_seed42_run4_with_rerank_score.csv,0,28,0.040347535
llm_experiment_perovskite_instability_trajectory_parameters_seed42_run4_with_rerank_score.csv,1,52,0.7933146
llm_experiment_perovskite_instability_trajectory_parameters_seed42_run4_with_rerank_score.csv,2,51,0.7434107
llm_experiment_perovskite_instability_trajectory_parameters_seed42_run4_with_rerank_score.csv,3,29,0.6690754
llm_experiment_perovskite_instability_trajectory_parameters_seed42_run4_with_rerank_score.csv,4,86,0.6755297
llm_experiment_perovskite_instability_trajectory_parameters_seed42_run4_with_rerank_score.csv,5,2,0.7420672
llm_experiment_perovskite_instability_trajectory_parameters_seed42_run4_with_rerank_score.csv,6,85,0.7402687
llm_experiment_perovskite_instability_trajectory_parameters_seed42_run4_with_rerank_score.csv,7,58,0.76554126
llm_experiment_perovskite_instability_trajectory_parameters_seed42_run4_with_rerank_score.csv,8,53,0.7125728
llm_experiment_perovskite_instability_trajectory_parameters_seed42_run4_with_rerank_score.csv,9,66,0.6864757
llm_experiment_perovskite_instability_trajectory_parameters_seed42_run4_with_rerank_score.csv,10,67,0.6016175
llm_experiment_perovskite_instability_trajectory_parameters_seed42_run4_with_rerank_score.csv,11,116,0.64020914
llm_experiment_perovskite_instability_trajectory_parameters_seed42_run4_with_rerank_score.csv,12,119,0.7180613
llm_experiment_perovskite_instability_trajectory_parameters_seed42_run4_with_rerank_score.csv,13,118,0.69820654
llm_experiment_perovskite_instability_trajectory_parameters_seed42_run4_with_rerank_score.csv,14,117,0.67243975
llm_experiment_perovskite_instability_trajectory_parameters_seed42_run4_with_rerank_score.csv,15,101,0.55275756
llm_experiment_perovskite_instability_trajectory_parameters_seed42_run4_with_rerank_score.csv,16,98,0.48982134
llm_experiment_perovskite_instability_trajectory_parameters_seed42_run4_with_rerank_score.csv,17,54,0.580091
llm_experiment_perovskite_instability_trajectory_parameters_seed42_run4_with_rerank_score.csv,18,55,0.6628188
llm_experiment_perovskite_instability_trajectory_parameters_seed42_run4_with_rerank_score.csv,19,43,0.5889134
llm_experiment_perovskite_instability_trajectory_parameters_seed42_run4_with_rerank_score.csv,20,50,0.575517
llm_experiment_perovskite_instability_trajectory_parameters_seed42_run4_with_rerank_score.csv,21,127,0.56431514
llm_experiment_perovskite_instability_trajectory_parameters_seed42_run4_with_rerank_score.csv,22,84,0.53298485
llm_experiment_perovskite_instability_trajectory_parameters_seed42_run4_with_rerank_score.csv,23,112,0.7089592
llm_experiment_perovskite_instability_trajectory_parameters_seed42_run5_with_rerank_score.csv,0,28,0.040347535
llm_experiment_perovskite_instability_trajectory_parameters_seed42_run5_with_rerank_score.csv,1,52,0.8296166
llm_experiment_perovskite_instability_trajectory_parameters_seed42_run5_with_rerank_score.csv,2,51,0.7507177
llm_experiment_perovskite_instability_trajectory_parameters_seed42_run5_with_rerank_score.csv,3,57,0.7092009
llm_experiment_perovskite_instability_trajectory_parameters_seed42_run5_with_rerank_score.csv,4,29,0.75312227
llm_experiment_perovskite_instability_trajectory_parameters_seed42_run5_with_rerank_score.csv,5,66,0.6501347
llm_experiment_perovskite_instability_trajectory_parameters_seed42_run5_with_rerank_score.csv,6,86,0.62495816
llm_experiment_perovskite_instability_trajectory_parameters_seed42_run5_with_rerank_score.csv,7,2,0.7062922
llm_experiment_perovskite_instability_trajectory_parameters_seed42_run5_with_rerank_score.csv,8,59,0.74273956
llm_experiment_perovskite_instability_trajectory_parameters_seed42_run5_with_rerank_score.csv,9,85,0.7361925
llm_experiment_perovskite_instability_trajectory_parameters_seed42_run5_with_rerank_score.csv,10,58,0.734139
llm_experiment_perovskite_instability_trajectory_parameters_seed42_run5_with_rerank_score.csv,11,53,0.77096564
llm_experiment_perovskite_instability_trajectory_parameters_seed42_run5_with_rerank_score.csv,12,67,0.73023266
llm_experiment_perovskite_instability_trajectory_parameters_seed42_run5_with_rerank_score.csv,13,50,0.56575525
llm_experiment_perovskite_instability_trajectory_parameters_seed42_run5_with_rerank_score.csv,14,118,0.5996498
llm_experiment_perovskite_instability_trajectory_parameters_seed42_run5_with_rerank_score.csv,15,116,0.66699636
llm_experiment_perovskite_instability_trajectory_parameters_seed42_run5_with_rerank_score.csv,16,119,0.6889923
llm_experiment_perovskite_instability_trajectory_parameters_seed42_run5_with_rerank_score.csv,17,101,0.6337056
llm_experiment_perovskite_instability_trajectory_parameters_seed42_run5_with_rerank_score.csv,18,117,0.64020914
llm_experiment_perovskite_instability_trajectory_parameters_seed42_run5_with_rerank_score.csv,19,74,0.47008035
llm_experiment_perovskite_instability_trajectory_parameters_seed42_run5_with_rerank_score.csv,20,55,0.53866833
llm_experiment_perovskite_instability_trajectory_parameters_seed42_run5_with_rerank_score.csv,21,54,0.5928793
llm_experiment_perovskite_instability_trajectory_parameters_seed42_run5_with_rerank_score.csv,22,98,0.5928793
llm_experiment_perovskite_instability_trajectory_parameters_seed42_run5_with_rerank_score.csv,23,43,0.5439058
llm_experiment_perovskite_instability_trajectory_parameters_seed42_run5_with_rerank_score.csv,24,127,0.6557114
llm_experiment_perovskite_instability_trajectory_parameters_seed42_run5_with_rerank_score.csv,25,84,0.5408517
llm_experiment_perovskite_instability_trajectory_parameters_seed42_run5_with_rerank_score.csv,26,112,0.7447496
llm_experiment_perovskite_instability_trajectory_report_seed38_with_rerank_score.csv,0,107,0.040347535
llm_experiment_perovskite_instability_trajectory_report_seed38_with_rerank_score.csv,1,100,0.70483154
llm_experiment_perovskite_instability_trajectory_report_seed38_with_rerank_score.csv,2,91,0.6565047
llm_experiment_perovskite_instability_trajectory_report_seed38_with_rerank_score.csv,3,92,0.7286136
llm_experiment_perovskite_instability_trajectory_report_seed38_with_rerank_score.csv,4,0,0.62303346
llm_experiment_perovskite_instability_trajectory_report_seed38_with_rerank_score.csv,5,1,0.7491794
llm_experiment_perovskite_instability_trajectory_report_seed38_with_rerank_score.csv,6,83,0.5860734
llm_experiment_perovskite_instability_trajectory_report_seed38_with_rerank_score.csv,7,138,0.657297
llm_experiment_perovskite_instability_trajectory_report_seed38_with_rerank_score.csv,8,6,0.7672197
llm_experiment_perovskite_instability_trajectory_report_seed38_with_rerank_score.csv,9,7,0.75809944
llm_experiment_perovskite_instability_trajectory_report_seed38_with_rerank_score.csv,10,87,0.7440808
llm_experiment_perovskite_instability_trajectory_report_seed38_with_rerank_score.csv,11,8,0.6912478
llm_experiment_perovskite_instability_trajectory_report_seed38_with_rerank_score.csv,12,127,0.73596483
llm_experiment_perovskite_instability_trajectory_report_seed38_with_rerank_score.csv,13,86,0.6546525
llm_experiment_perovskite_instability_trajectory_report_seed38_with_rerank_score.csv,14,61,0.78413767
llm_experiment_perovskite_instability_trajectory_report_seed38_with_rerank_score.csv,15,85,0.599087
llm_experiment_perovskite_instability_trajectory_report_seed38_with_rerank_score.csv,16,67,0.73596483
llm_experiment_perovskite_instability_trajectory_report_seed38_with_rerank_score.csv,17,128,0.7837407
llm_experiment_perovskite_instability_trajectory_report_seed38_with_rerank_score.csv,18,72,0.7491794
llm_experiment_perovskite_instability_trajectory_report_seed38_with_rerank_score.csv,19,59,0.7487387
llm_experiment_perovskite_instability_trajectory_report_seed38_with_rerank_score.csv,20,88,0.7574541
llm_experiment_perovskite_instability_trajectory_report_seed38_with_rerank_score.csv,21,63,0.7969415
llm_experiment_perovskite_instability_trajectory_report_seed38_with_rerank_score.csv,22,84,0.72325134
llm_experiment_perovskite_instability_trajectory_report_seed38_with_rerank_score.csv,23,76,0.72605723
llm_experiment_perovskite_instability_trajectory_report_seed38_with_rerank_score.csv,24,113,0.69870013
llm_experiment_perovskite_instability_trajectory_report_seed38_with_rerank_score.csv,25,57,0.68571854
llm_experiment_perovskite_instability_trajectory_report_seed38_with_rerank_score.csv,26,112,0.7756902
llm_experiment_perovskite_instability_trajectory_report_seed39_with_rerank_score.csv,0,53,0.040347535
llm_experiment_perovskite_instability_trajectory_report_seed39_with_rerank_score.csv,1,50,0.8058924
llm_experiment_perovskite_instability_trajectory_report_seed39_with_rerank_score.csv,2,6,0.6469293
llm_experiment_perovskite_instability_trajectory_report_seed39_with_rerank_score.csv,3,1,0.7463059
llm_experiment_perovskite_instability_trajectory_report_seed39_with_rerank_score.csv,4,128,0.7578844
llm_experiment_perovskite_instability_trajectory_report_seed39_with_rerank_score.csv,5,100,0.75027883
llm_experiment_perovskite_instability_trajectory_report_seed39_with_rerank_score.csv,6,122,0.6747586
llm_experiment_perovskite_instability_trajectory_report_seed39_with_rerank_score.csv,7,109,0.7295395
llm_experiment_perovskite_instability_trajectory_report_seed39_with_rerank_score.csv,8,127,0.7206637
llm_experiment_perovskite_instability_trajectory_report_seed39_with_rerank_score.csv,9,92,0.6216563
llm_experiment_perovskite_instability_trajectory_report_seed39_with_rerank_score.csv,10,41,0.74251556
llm_experiment_perovskite_instability_trajectory_report_seed39_with_rerank_score.csv,11,37,0.74697095
llm_experiment_perovskite_instability_trajectory_report_seed39_with_rerank_score.csv,12,0,0.59372765
llm_experiment_perovskite_instability_trajectory_report_seed39_with_rerank_score.csv,13,87,0.6493346
llm_experiment_perovskite_instability_trajectory_report_seed39_with_rerank_score.csv,14,8,0.68571854
llm_experiment_perovskite_instability_trajectory_report_seed39_with_rerank_score.csv,15,61,0.6369636
llm_experiment_perovskite_instability_trajectory_report_seed39_with_rerank_score.csv,16,80,0.7500592
llm_experiment_perovskite_instability_trajectory_report_seed39_with_rerank_score.csv,17,38,0.6884899
llm_experiment_perovskite_instability_trajectory_report_seed39_with_rerank_score.csv,18,23,0.70823324
llm_experiment_perovskite_instability_trajectory_report_seed39_with_rerank_score.csv,19,121,0.69672287
llm_experiment_perovskite_instability_trajectory_report_seed39_with_rerank_score.csv,20,120,0.68420124
llm_experiment_perovskite_instability_trajectory_report_seed39_with_rerank_score.csv,21,107,0.76279575
llm_experiment_perovskite_instability_trajectory_report_seed39_with_rerank_score.csv,22,12,0.7474137
llm_experiment_perovskite_instability_trajectory_report_seed39_with_rerank_score.csv,23,138,0.69845337
llm_experiment_perovskite_instability_trajectory_report_seed39_with_rerank_score.csv,24,19,0.69199765
llm_experiment_perovskite_instability_trajectory_report_seed39_with_rerank_score.csv,25,7,0.7050753
llm_experiment_perovskite_instability_trajectory_report_seed39_with_rerank_score.csv,26,104,0.6729558
llm_experiment_perovskite_instability_trajectory_report_seed39_with_rerank_score.csv,27,76,0.6757865
llm_experiment_perovskite_instability_trajectory_report_seed39_with_rerank_score.csv,28,94,0.7206637
llm_experiment_perovskite_instability_trajectory_report_seed39_with_rerank_score.csv,29,68,0.7283819
llm_experiment_perovskite_instability_trajectory_report_seed39_with_rerank_score.csv,30,17,0.6711479
llm_experiment_perovskite_instability_trajectory_report_seed39_with_rerank_score.csv,31,62,0.67140645
llm_experiment_perovskite_instability_trajectory_report_seed39_with_rerank_score.csv,32,4,0.69274646
llm_experiment_perovskite_instability_trajectory_report_seed39_with_rerank_score.csv,33,31,0.72977066
llm_experiment_perovskite_instability_trajectory_report_seed39_with_rerank_score.csv,34,125,0.7463059
llm_experiment_perovskite_instability_trajectory_report_seed39_with_rerank_score.csv,35,88,0.84183896
llm_experiment_perovskite_instability_trajectory_report_seed39_with_rerank_score.csv,36,72,0.7533401
llm_experiment_perovskite_instability_trajectory_report_seed39_with_rerank_score.csv,37,32,0.82391036
llm_experiment_perovskite_instability_trajectory_report_seed39_with_rerank_score.csv,38,59,0.74161834
llm_experiment_perovskite_instability_trajectory_report_seed39_with_rerank_score.csv,39,30,0.7449724
llm_experiment_perovskite_instability_trajectory_report_seed39_with_rerank_score.csv,40,105,0.7065353
llm_experiment_perovskite_instability_trajectory_report_seed39_with_rerank_score.csv,41,79,0.77994305
llm_experiment_perovskite_instability_trajectory_report_seed39_with_rerank_score.csv,42,69,0.7099254
llm_experiment_perovskite_instability_trajectory_report_seed39_with_rerank_score.csv,43,84,0.7500592
llm_experiment_perovskite_instability_trajectory_report_seed39_with_rerank_score.csv,44,60,0.70531887
llm_experiment_perovskite_instability_trajectory_report_seed39_with_rerank_score.csv,45,28,0.64773196
llm_experiment_perovskite_instability_trajectory_report_seed39_with_rerank_score.csv,46,47,0.750937
llm_experiment_perovskite_instability_trajectory_report_seed39_with_rerank_score.csv,47,86,0.76659125
llm_experiment_perovskite_instability_trajectory_report_seed39_with_rerank_score.csv,48,63,0.7429634
llm_experiment_perovskite_instability_trajectory_report_seed39_with_rerank_score.csv,49,93,0.70531887
llm_experiment_perovskite_instability_trajectory_report_seed39_with_rerank_score.csv,50,67,0.75852895
llm_experiment_perovskite_instability_trajectory_report_seed39_with_rerank_score.csv,51,36,0.7557276
llm_experiment_perovskite_instability_trajectory_report_seed39_with_rerank_score.csv,52,83,0.7769112
llm_experiment_perovskite_instability_trajectory_report_seed39_with_rerank_score.csv,53,110,0.75809944
llm_experiment_perovskite_instability_trajectory_report_seed39_with_rerank_score.csv,54,96,0.73505294
llm_experiment_perovskite_instability_trajectory_report_seed39_with_rerank_score.csv,55,116,0.75049835
llm_experiment_perovskite_instability_trajectory_report_seed39_with_rerank_score.csv,56,34,0.79561085
llm_experiment_perovskite_instability_trajectory_report_seed39_with_rerank_score.csv,57,115,0.6959795
llm_experiment_perovskite_instability_trajectory_report_seed39_with_rerank_score.csv,58,117,0.740494
llm_experiment_perovskite_instability_trajectory_report_seed39_with_rerank_score.csv,59,113,0.72254705
llm_experiment_perovskite_instability_trajectory_report_seed39_with_rerank_score.csv,60,20,0.70214266
llm_experiment_perovskite_instability_trajectory_report_seed39_with_rerank_score.csv,61,91,0.6803909
llm_experiment_perovskite_instability_trajectory_report_seed39_with_rerank_score.csv,62,5,0.7715858
llm_experiment_perovskite_instability_trajectory_report_seed39_with_rerank_score.csv,63,64,0.7763013
llm_experiment_perovskite_instability_trajectory_report_seed39_with_rerank_score.csv,64,82,0.7413937
llm_experiment_perovskite_instability_trajectory_report_seed39_with_rerank_score.csv,65,66,0.6862234
llm_experiment_perovskite_instability_trajectory_report_seed39_with_rerank_score.csv,66,58,0.7208996
llm_experiment_perovskite_instability_trajectory_report_seed39_with_rerank_score.csv,67,119,0.67758125
llm_experiment_perovskite_instability_trajectory_report_seed39_with_rerank_score.csv,68,97,0.7348247
llm_experiment_perovskite_instability_trajectory_report_seed39_with_rerank_score.csv,69,27,0.7610953
llm_experiment_perovskite_instability_trajectory_report_seed39_with_rerank_score.csv,70,26,0.751375
llm_experiment_perovskite_instability_trajectory_report_seed39_with_rerank_score.csv,71,136,0.75421005
llm_experiment_perovskite_instability_trajectory_report_seed39_with_rerank_score.csv,72,14,0.7004242
llm_experiment_perovskite_instability_trajectory_report_seed39_with_rerank_score.csv,73,112,0.7206637
llm_experiment_perovskite_instability_trajectory_report_seed40_with_rerank_score.csv,0,117,0.040347535
llm_experiment_perovskite_instability_trajectory_report_seed40_with_rerank_score.csv,1,72,0.81489426
llm_experiment_perovskite_instability_trajectory_report_seed40_with_rerank_score.csv,2,116,0.79769903
llm_experiment_perovskite_instability_trajectory_report_seed40_with_rerank_score.csv,3,119,0.7644879
llm_experiment_perovskite_instability_trajectory_report_seed40_with_rerank_score.csv,4,1,0.76427686
llm_experiment_perovskite_instability_trajectory_report_seed40_with_rerank_score.csv,5,12,0.81489426
llm_experiment_perovskite_instability_trajectory_report_seed40_with_rerank_score.csv,6,0,0.6701125
llm_experiment_perovskite_instability_trajectory_report_seed40_with_rerank_score.csv,7,50,0.73891455
llm_experiment_perovskite_instability_trajectory_report_seed40_with_rerank_score.csv,8,67,0.7602419
llm_experiment_perovskite_instability_trajectory_report_seed40_with_rerank_score.csv,9,59,0.7192461
llm_experiment_perovskite_instability_trajectory_report_seed40_with_rerank_score.csv,10,109,0.64746445
llm_experiment_perovskite_instability_trajectory_report_seed40_with_rerank_score.csv,11,61,0.7783298
llm_experiment_perovskite_instability_trajectory_report_seed40_with_rerank_score.csv,12,100,0.7018975
llm_experiment_perovskite_instability_trajectory_report_seed40_with_rerank_score.csv,13,98,0.6643884
llm_experiment_perovskite_instability_trajectory_report_seed40_with_rerank_score.csv,14,122,0.57952
llm_experiment_perovskite_instability_trajectory_report_seed40_with_rerank_score.csv,15,128,0.7318455
llm_experiment_perovskite_instability_trajectory_report_seed40_with_rerank_score.csv,16,6,0.6304352
llm_experiment_perovskite_instability_trajectory_report_seed40_with_rerank_score.csv,17,127,0.64182705
llm_experiment_perovskite_instability_trajectory_report_seed40_with_rerank_score.csv,18,71,0.7578844
llm_experiment_perovskite_instability_trajectory_report_seed40_with_rerank_score.csv,19,84,0.71137124
llm_experiment_perovskite_instability_trajectory_report_seed40_with_rerank_score.csv,20,66,0.7309246
llm_experiment_perovskite_instability_trajectory_report_seed40_with_rerank_score.csv,21,113,0.6892434
llm_experiment_perovskite_instability_trajectory_report_seed40_with_rerank_score.csv,22,86,0.69870013
llm_experiment_perovskite_instability_trajectory_report_seed40_with_rerank_score.csv,23,28,0.7393665
llm_experiment_perovskite_instability_trajectory_report_seed40_with_rerank_score.csv,24,37,0.7413937
llm_experiment_perovskite_instability_trajectory_report_seed40_with_rerank_score.csv,25,7,0.72325134
llm_experiment_perovskite_instability_trajectory_report_seed40_with_rerank_score.csv,26,115,0.69795954
llm_experiment_perovskite_instability_trajectory_report_seed40_with_rerank_score.csv,27,112,0.67243975
llm_experiment_perovskite_instability_trajectory_report_seed41_with_rerank_score.csv,0,97,0.040347535
llm_experiment_perovskite_instability_trajectory_report_seed41_with_rerank_score.csv,1,91,0.6762998
llm_experiment_perovskite_instability_trajectory_report_seed41_with_rerank_score.csv,2,1,0.71113056
llm_experiment_perovskite_instability_trajectory_report_seed41_with_rerank_score.csv,3,109,0.6599319
llm_experiment_perovskite_instability_trajectory_report_seed41_with_rerank_score.csv,4,0,0.6342494
llm_experiment_perovskite_instability_trajectory_report_seed41_with_rerank_score.csv,5,12,0.7040996
llm_experiment_perovskite_instability_trajectory_report_seed41_with_rerank_score.csv,6,88,0.5993685
llm_experiment_perovskite_instability_trajectory_report_seed41_with_rerank_score.csv,7,31,0.61307496
llm_experiment_perovskite_instability_trajectory_report_seed41_with_rerank_score.csv,8,7,0.62495816
llm_experiment_perovskite_instability_trajectory_report_seed41_with_rerank_score.csv,9,8,0.58408195
llm_experiment_perovskite_instability_trajectory_report_seed41_with_rerank_score.csv,10,58,0.60610276
llm_experiment_perovskite_instability_trajectory_report_seed41_with_rerank_score.csv,11,4,0.5450684
llm_experiment_perovskite_instability_trajectory_report_seed41_with_rerank_score.csv,12,61,0.64236575
llm_experiment_perovskite_instability_trajectory_report_seed41_with_rerank_score.csv,13,92,0.65279555
llm_experiment_perovskite_instability_trajectory_report_seed41_with_rerank_score.csv,14,122,0.6747586
llm_experiment_perovskite_instability_trajectory_report_seed41_with_rerank_score.csv,15,62,0.60245985
llm_experiment_perovskite_instability_trajectory_report_seed41_with_rerank_score.csv,16,47,0.67269784
llm_experiment_perovskite_instability_trajectory_report_seed41_with_rerank_score.csv,17,86,0.5013922
llm_experiment_perovskite_instability_trajectory_report_seed41_with_rerank_score.csv,18,30,0.57437146
llm_experiment_perovskite_instability_trajectory_report_seed41_with_rerank_score.csv,19,87,0.58465123
llm_experiment_perovskite_instability_trajectory_report_seed41_with_rerank_score.csv,20,138,0.64773196
llm_experiment_perovskite_instability_trajectory_report_seed41_with_rerank_score.csv,21,128,0.7445268
llm_experiment_perovskite_instability_trajectory_report_seed41_with_rerank_score.csv,22,84,0.72278196
llm_experiment_perovskite_instability_trajectory_report_seed41_with_rerank_score.csv,23,72,0.78650844
llm_experiment_perovskite_instability_trajectory_report_seed41_with_rerank_score.csv,24,113,0.8396422
llm_experiment_perovskite_instability_trajectory_report_seed41_with_rerank_score.csv,25,127,0.78154784
llm_experiment_perovskite_instability_trajectory_report_seed41_with_rerank_score.csv,26,6,0.72814995
llm_experiment_perovskite_instability_trajectory_report_seed41_with_rerank_score.csv,27,115,0.69498676
llm_experiment_perovskite_instability_trajectory_report_seed41_with_rerank_score.csv,28,67,0.69622743
llm_experiment_perovskite_instability_trajectory_report_seed41_with_rerank_score.csv,29,59,0.73023266
llm_experiment_perovskite_instability_trajectory_report_seed41_with_rerank_score.csv,30,60,0.7043437
llm_experiment_perovskite_instability_trajectory_report_seed41_with_rerank_score.csv,31,116,0.73505294
llm_experiment_perovskite_instability_trajectory_report_seed41_with_rerank_score.csv,32,79,0.7467494
llm_experiment_perovskite_instability_trajectory_report_seed41_with_rerank_score.csv,33,114,0.69746524
llm_experiment_perovskite_instability_trajectory_report_seed41_with_rerank_score.csv,34,57,0.63939893
llm_experiment_perovskite_instability_trajectory_report_seed41_with_rerank_score.csv,35,100,0.6701125
llm_experiment_perovskite_instability_trajectory_report_seed41_with_rerank_score.csv,36,117,0.5559422
llm_experiment_perovskite_instability_trajectory_report_seed41_with_rerank_score.csv,37,32,0.7750779
llm_experiment_perovskite_instability_trajectory_report_seed41_with_rerank_score.csv,38,28,0.7578844
llm_experiment_perovskite_instability_trajectory_report_seed41_with_rerank_score.csv,39,37,0.75377536
llm_experiment_perovskite_instability_trajectory_report_seed41_with_rerank_score.csv,40,71,0.74697095
llm_experiment_perovskite_instability_trajectory_report_seed41_with_rerank_score.csv,41,104,0.7316155
llm_experiment_perovskite_instability_trajectory_report_seed41_with_rerank_score.csv,42,119,0.70823324
llm_experiment_perovskite_instability_trajectory_report_seed41_with_rerank_score.csv,43,5,0.7570233
llm_experiment_perovskite_instability_trajectory_report_seed41_with_rerank_score.csv,44,93,0.74385756
llm_experiment_perovskite_instability_trajectory_report_seed41_with_rerank_score.csv,45,29,0.56920683
llm_experiment_perovskite_instability_trajectory_report_seed41_with_rerank_score.csv,46,83,0.7159213
llm_experiment_perovskite_instability_trajectory_report_seed41_with_rerank_score.csv,47,49,0.71758664
llm_experiment_perovskite_instability_trajectory_report_seed41_with_rerank_score.csv,48,63,0.6959795
llm_experiment_perovskite_instability_trajectory_report_seed41_with_rerank_score.csv,49,50,0.72395444
llm_experiment_perovskite_instability_trajectory_report_seed41_with_rerank_score.csv,50,66,0.7135319
llm_experiment_perovskite_instability_trajectory_report_seed41_with_rerank_score.csv,51,130,0.72907686
llm_experiment_perovskite_instability_trajectory_report_seed41_with_rerank_score.csv,52,33,0.6972179
llm_experiment_perovskite_instability_trajectory_report_seed41_with_rerank_score.csv,53,85,0.7045877
llm_experiment_perovskite_instability_trajectory_report_seed41_with_rerank_score.csv,54,23,0.70726365
llm_experiment_perovskite_instability_trajectory_report_seed41_with_rerank_score.csv,55,82,0.7576693
llm_experiment_perovskite_instability_trajectory_report_seed41_with_rerank_score.csv,56,34,0.69820654
llm_experiment_perovskite_instability_trajectory_report_seed41_with_rerank_score.csv,57,125,0.72348577
llm_experiment_perovskite_instability_trajectory_report_seed41_with_rerank_score.csv,58,41,0.71137124
llm_experiment_perovskite_instability_trajectory_report_seed41_with_rerank_score.csv,59,75,0.71185225
llm_experiment_perovskite_instability_trajectory_report_seed41_with_rerank_score.csv,60,112,0.7539928
llm_experiment_perovskite_instability_trajectory_report_seed42_with_rerank_score.csv,0,28,0.040347535
llm_experiment_perovskite_instability_trajectory_report_seed42_with_rerank_score.csv,1,29,0.81347597
llm_experiment_perovskite_instability_trajectory_report_seed42_with_rerank_score.csv,2,51,0.7657514
llm_experiment_perovskite_instability_trajectory_report_seed42_with_rerank_score.csv,3,66,0.7722049
llm_experiment_perovskite_instability_trajectory_report_seed42_with_rerank_score.csv,4,84,0.75852895
llm_experiment_perovskite_instability_trajectory_report_seed42_with_rerank_score.csv,5,113,0.73596483
llm_experiment_perovskite_instability_trajectory_report_seed42_with_rerank_score.csv,6,115,0.75268626
llm_experiment_perovskite_instability_trajectory_report_seed42_with_rerank_score.csv,7,1,0.7653308
llm_experiment_perovskite_instability_trajectory_report_seed42_with_rerank_score.csv,8,86,0.7474137
llm_experiment_perovskite_instability_trajectory_report_seed42_with_rerank_score.csv,9,0,0.75616
llm_experiment_perovskite_instability_trajectory_report_seed42_with_rerank_score.csv,10,6,0.7498395
llm_experiment_perovskite_instability_trajectory_report_seed42_with_rerank_score.csv,11,7,0.6058229
llm_experiment_perovskite_instability_trajectory_report_seed42_with_rerank_score.csv,12,127,0.767429
llm_experiment_perovskite_instability_trajectory_report_seed42_with_rerank_score.csv,13,92,0.7366474
llm_experiment_perovskite_instability_trajectory_report_seed42_with_rerank_score.csv,14,61,0.65597594
llm_experiment_perovskite_instability_trajectory_report_seed42_with_rerank_score.csv,15,124,0.6922474
llm_experiment_perovskite_instability_trajectory_report_seed42_with_rerank_score.csv,16,67,0.66777676
llm_experiment_perovskite_instability_trajectory_report_seed42_with_rerank_score.csv,17,125,0.7732339
llm_experiment_perovskite_instability_trajectory_report_seed42_with_rerank_score.csv,18,87,0.79580134
llm_experiment_perovskite_instability_trajectory_report_seed42_with_rerank_score.csv,19,88,0.7827459
llm_experiment_perovskite_instability_trajectory_report_seed42_with_rerank_score.csv,20,75,0.74273956
llm_experiment_perovskite_instability_trajectory_report_seed42_with_rerank_score.csv,21,128,0.779339
llm_experiment_perovskite_instability_trajectory_report_seed42_with_rerank_score.csv,22,71,0.7380092
llm_experiment_perovskite_instability_trajectory_report_seed42_with_rerank_score.csv,23,100,0.79369855
llm_experiment_perovskite_instability_trajectory_report_seed42_with_rerank_score.csv,24,121,0.6638657
llm_experiment_perovskite_instability_trajectory_report_seed42_with_rerank_score.csv,25,118,0.7120925
llm_experiment_perovskite_instability_trajectory_report_seed42_with_rerank_score.csv,26,112,0.7380092
llm_experiment_perovskite_instability_trajectory_report_seed42_run1_with_rerank_score.csv,0,28,0.040347535
llm_experiment_perovskite_instability_trajectory_report_seed42_run1_with_rerank_score.csv,1,67,0.8124067
llm_experiment_perovskite_instability_trajectory_report_seed42_run1_with_rerank_score.csv,2,6,0.7890553
llm_experiment_perovskite_instability_trajectory_report_seed42_run1_with_rerank_score.csv,3,87,0.5401241
llm_experiment_perovskite_instability_trajectory_report_seed42_run1_with_rerank_score.csv,4,86,0.71425
llm_experiment_perovskite_instability_trajectory_report_seed42_run1_with_rerank_score.csv,5,71,0.78214747
llm_experiment_perovskite_instability_trajectory_report_seed42_run1_with_rerank_score.csv,6,29,0.5473921
llm_experiment_perovskite_instability_trajectory_report_seed42_run1_with_rerank_score.csv,7,85,0.55796635
llm_experiment_perovskite_instability_trajectory_report_seed42_run1_with_rerank_score.csv,8,1,0.72348577
llm_experiment_perovskite_instability_trajectory_report_seed42_run1_with_rerank_score.csv,9,0,0.58919704
llm_experiment_perovskite_instability_trajectory_report_seed42_run1_with_rerank_score.csv,10,116,0.7253574
llm_experiment_perovskite_instability_trajectory_report_seed42_run1_with_rerank_score.csv,11,8,0.62879556
llm_experiment_perovskite_instability_trajectory_report_seed42_run1_with_rerank_score.csv,12,127,0.59457535
llm_experiment_perovskite_instability_trajectory_report_seed42_run1_with_rerank_score.csv,13,119,0.7140107
llm_experiment_perovskite_instability_trajectory_report_seed42_run1_with_rerank_score.csv,14,61,0.57035583
llm_experiment_perovskite_instability_trajectory_report_seed42_run1_with_rerank_score.csv,15,128,0.6954834
llm_experiment_perovskite_instability_trajectory_report_seed42_run1_with_rerank_score.csv,16,50,0.6912478
llm_experiment_perovskite_instability_trajectory_report_seed42_run1_with_rerank_score.csv,17,117,0.7237202
llm_experiment_perovskite_instability_trajectory_report_seed42_run1_with_rerank_score.csv,18,7,0.734139
llm_experiment_perovskite_instability_trajectory_report_seed42_run1_with_rerank_score.csv,19,58,0.69573146
llm_experiment_perovskite_instability_trajectory_report_seed42_run1_with_rerank_score.csv,20,96,0.6847074
llm_experiment_perovskite_instability_trajectory_report_seed42_run1_with_rerank_score.csv,21,59,0.6884899
llm_experiment_perovskite_instability_trajectory_report_seed42_run1_with_rerank_score.csv,22,66,0.7216064
llm_experiment_perovskite_instability_trajectory_report_seed42_run1_with_rerank_score.csv,23,49,0.63452125
llm_experiment_perovskite_instability_trajectory_report_seed42_run1_with_rerank_score.csv,24,4,0.71185225
llm_experiment_perovskite_instability_trajectory_report_seed42_run1_with_rerank_score.csv,25,53,0.6415577
llm_experiment_perovskite_instability_trajectory_report_seed42_run1_with_rerank_score.csv,26,84,0.71758664
llm_experiment_perovskite_instability_trajectory_report_seed42_run1_with_rerank_score.csv,27,113,0.72184175
llm_experiment_perovskite_instability_trajectory_report_seed42_run1_with_rerank_score.csv,28,5,0.64880073
llm_experiment_perovskite_instability_trajectory_report_seed42_run1_with_rerank_score.csv,29,92,0.7467494
llm_experiment_perovskite_instability_trajectory_report_seed42_run1_with_rerank_score.csv,30,60,0.78154784
llm_experiment_perovskite_instability_trajectory_report_seed42_run1_with_rerank_score.csv,31,100,0.72395444
llm_experiment_perovskite_instability_trajectory_report_seed42_run1_with_rerank_score.csv,32,19,0.74318707
llm_experiment_perovskite_instability_trajectory_report_seed42_run1_with_rerank_score.csv,33,138,0.69099766
llm_experiment_perovskite_instability_trajectory_report_seed42_run1_with_rerank_score.csv,34,57,0.6929958
llm_experiment_perovskite_instability_trajectory_report_seed42_run1_with_rerank_score.csv,35,104,0.7173491
llm_experiment_perovskite_instability_trajectory_report_seed42_run1_with_rerank_score.csv,36,62,0.7997713
llm_experiment_perovskite_instability_trajectory_report_seed42_run1_with_rerank_score.csv,37,76,0.6892434
llm_experiment_perovskite_instability_trajectory_report_seed42_run1_with_rerank_score.csv,38,72,0.77873385
llm_experiment_perovskite_instability_trajectory_report_seed42_run1_with_rerank_score.csv,39,20,0.7728226
llm_experiment_perovskite_instability_trajectory_report_seed42_run1_with_rerank_score.csv,40,88,0.74004334
llm_experiment_perovskite_instability_trajectory_report_seed42_run1_with_rerank_score.csv,41,17,0.7092009
llm_experiment_perovskite_instability_trajectory_report_seed42_run1_with_rerank_score.csv,42,83,0.7663815
llm_experiment_perovskite_instability_trajectory_report_seed42_run1_with_rerank_score.csv,43,115,0.7192461
llm_experiment_perovskite_instability_trajectory_report_seed42_run1_with_rerank_score.csv,44,91,0.71377134
llm_experiment_perovskite_instability_trajectory_report_seed42_run1_with_rerank_score.csv,45,112,0.6739866
llm_experiment_perovskite_instability_trajectory_report_seed42_run2_with_rerank_score.csv,0,28,0.040347535
llm_experiment_perovskite_instability_trajectory_report_seed42_run2_with_rerank_score.csv,1,29,0.82186085
llm_experiment_perovskite_instability_trajectory_report_seed42_run2_with_rerank_score.csv,2,51,0.7623715
llm_experiment_perovskite_instability_trajectory_report_seed42_run2_with_rerank_score.csv,3,0,0.5973971
llm_experiment_perovskite_instability_trajectory_report_seed42_run2_with_rerank_score.csv,4,84,0.83678174
llm_experiment_perovskite_instability_trajectory_report_seed42_run2_with_rerank_score.csv,5,113,0.69498676
llm_experiment_perovskite_instability_trajectory_report_seed42_run2_with_rerank_score.csv,6,6,0.65146625
llm_experiment_perovskite_instability_trajectory_report_seed42_run2_with_rerank_score.csv,7,66,0.767847
llm_experiment_perovskite_instability_trajectory_report_seed42_run2_with_rerank_score.csv,8,1,0.77179235
llm_experiment_perovskite_instability_trajectory_report_seed42_run2_with_rerank_score.csv,9,92,0.7487387
llm_experiment_perovskite_instability_trajectory_report_seed42_run2_with_rerank_score.csv,10,128,0.76300776
llm_experiment_perovskite_instability_trajectory_report_seed42_run2_with_rerank_score.csv,11,71,0.72207695
llm_experiment_perovskite_instability_trajectory_report_seed42_run2_with_rerank_score.csv,12,67,0.7336813
llm_experiment_perovskite_instability_trajectory_report_seed42_run2_with_rerank_score.csv,13,116,0.7380092
llm_experiment_perovskite_instability_trajectory_report_seed42_run2_with_rerank_score.csv,14,127,0.7471924
llm_experiment_perovskite_instability_trajectory_report_seed42_run2_with_rerank_score.csv,15,50,0.7206637
llm_experiment_perovskite_instability_trajectory_report_seed42_run2_with_rerank_score.csv,16,100,0.74652773
llm_experiment_perovskite_instability_trajectory_report_seed42_run2_with_rerank_score.csv,17,38,0.7701369
llm_experiment_perovskite_instability_trajectory_report_seed42_run2_with_rerank_score.csv,18,86,0.79732054
llm_experiment_perovskite_instability_trajectory_report_seed42_run2_with_rerank_score.csv,19,88,0.71995544
llm_experiment_perovskite_instability_trajectory_report_seed42_run2_with_rerank_score.csv,20,72,0.76490957
llm_experiment_perovskite_instability_trajectory_report_seed42_run2_with_rerank_score.csv,21,119,0.7440808
llm_experiment_perovskite_instability_trajectory_report_seed42_run2_with_rerank_score.csv,22,57,0.7132923
llm_experiment_perovskite_instability_trajectory_report_seed42_run2_with_rerank_score.csv,23,117,0.68344116
llm_experiment_perovskite_instability_trajectory_report_seed42_run2_with_rerank_score.csv,24,7,0.75027883
llm_experiment_perovskite_instability_trajectory_report_seed42_run2_with_rerank_score.csv,25,58,0.7763013
llm_experiment_perovskite_instability_trajectory_report_seed42_run2_with_rerank_score.csv,26,121,0.6641271
llm_experiment_perovskite_instability_trajectory_report_seed42_run2_with_rerank_score.csv,27,118,0.6854659
llm_experiment_perovskite_instability_trajectory_report_seed42_run2_with_rerank_score.csv,28,130,0.6778372
llm_experiment_perovskite_instability_trajectory_report_seed42_run2_with_rerank_score.csv,29,61,0.6701125
llm_experiment_perovskite_instability_trajectory_report_seed42_run2_with_rerank_score.csv,30,103,0.65597594
llm_experiment_perovskite_instability_trajectory_report_seed42_run2_with_rerank_score.csv,31,114,0.68344116
llm_experiment_perovskite_instability_trajectory_report_seed42_run2_with_rerank_score.csv,32,60,0.70067
llm_experiment_perovskite_instability_trajectory_report_seed42_run2_with_rerank_score.csv,33,59,0.65940565
llm_experiment_perovskite_instability_trajectory_report_seed42_run2_with_rerank_score.csv,34,122,0.74785584
llm_experiment_perovskite_instability_trajectory_report_seed42_run2_with_rerank_score.csv,35,98,0.73023266
llm_experiment_perovskite_instability_trajectory_report_seed42_run2_with_rerank_score.csv,36,49,0.7352811
llm_experiment_perovskite_instability_trajectory_report_seed42_run2_with_rerank_score.csv,37,138,0.70483154
llm_experiment_perovskite_instability_trajectory_report_seed42_run2_with_rerank_score.csv,38,104,0.7062922
llm_experiment_perovskite_instability_trajectory_report_seed42_run2_with_rerank_score.csv,39,5,0.70750624
llm_experiment_perovskite_instability_trajectory_report_seed42_run2_with_rerank_score.csv,40,8,0.7274535
llm_experiment_perovskite_instability_trajectory_report_seed42_run2_with_rerank_score.csv,41,76,0.7306941
llm_experiment_perovskite_instability_trajectory_report_seed42_run2_with_rerank_score.csv,42,112,0.69968605
llm_experiment_perovskite_instability_trajectory_report_seed42_run3_with_rerank_score.csv,0,28,0.040347535
llm_experiment_perovskite_instability_trajectory_report_seed42_run3_with_rerank_score.csv,1,72,0.83742094
llm_experiment_perovskite_instability_trajectory_report_seed42_run3_with_rerank_score.csv,2,92,0.77893573
llm_experiment_perovskite_instability_trajectory_report_seed42_run3_with_rerank_score.csv,3,29,0.72231215
llm_experiment_perovskite_instability_trajectory_report_seed42_run3_with_rerank_score.csv,4,51,0.74807674
llm_experiment_perovskite_instability_trajectory_report_seed42_run3_with_rerank_score.csv,5,1,0.74697095
llm_experiment_perovskite_instability_trajectory_report_seed42_run3_with_rerank_score.csv,6,84,0.77589405
llm_experiment_perovskite_instability_trajectory_report_seed42_run3_with_rerank_score.csv,7,113,0.76002824
llm_experiment_perovskite_instability_trajectory_report_seed42_run3_with_rerank_score.csv,8,114,0.7409441
llm_experiment_perovskite_instability_trajectory_report_seed42_run3_with_rerank_score.csv,9,60,0.779339
llm_experiment_perovskite_instability_trajectory_report_seed42_run3_with_rerank_score.csv,10,112,0.7876867
llm_experiment_perovskite_instability_trajectory_report_seed42_run4_with_rerank_score.csv,0,28,0.040347535
llm_experiment_perovskite_instability_trajectory_report_seed42_run4_with_rerank_score.csv,1,72,0.83742094
llm_experiment_perovskite_instability_trajectory_report_seed42_run4_with_rerank_score.csv,2,92,0.78532547
llm_experiment_perovskite_instability_trajectory_report_seed42_run4_with_rerank_score.csv,3,87,0.7552947
llm_experiment_perovskite_instability_trajectory_report_seed42_run4_with_rerank_score.csv,4,1,0.80442166
llm_experiment_perovskite_instability_trajectory_report_seed42_run4_with_rerank_score.csv,5,61,0.7295395
llm_experiment_perovskite_instability_trajectory_report_seed42_run4_with_rerank_score.csv,6,66,0.7680558
llm_experiment_perovskite_instability_trajectory_report_seed42_run4_with_rerank_score.csv,7,0,0.79080546
llm_experiment_perovskite_instability_trajectory_report_seed42_run4_with_rerank_score.csv,8,29,0.7413937
llm_experiment_perovskite_instability_trajectory_report_seed42_run4_with_rerank_score.csv,9,6,0.79041743
llm_experiment_perovskite_instability_trajectory_report_seed42_run4_with_rerank_score.csv,10,84,0.79958355
llm_experiment_perovskite_instability_trajectory_report_seed42_run4_with_rerank_score.csv,11,112,0.7187726
llm_experiment_perovskite_instability_trajectory_report_seed42_run5_with_rerank_score.csv,0,28,0.040347535
llm_experiment_perovskite_instability_trajectory_report_seed42_run5_with_rerank_score.csv,1,72,0.83742094
llm_experiment_perovskite_instability_trajectory_report_seed42_run5_with_rerank_score.csv,2,92,0.798643
llm_experiment_perovskite_instability_trajectory_report_seed42_run5_with_rerank_score.csv,3,0,0.60245985
llm_experiment_perovskite_instability_trajectory_report_seed42_run5_with_rerank_score.csv,4,6,0.8003337
llm_experiment_perovskite_instability_trajectory_report_seed42_run5_with_rerank_score.csv,5,1,0.80405265
llm_experiment_perovskite_instability_trajectory_report_seed42_run5_with_rerank_score.csv,6,61,0.68748367
llm_experiment_perovskite_instability_trajectory_report_seed42_run5_with_rerank_score.csv,7,86,0.72465646
llm_experiment_perovskite_instability_trajectory_report_seed42_run5_with_rerank_score.csv,8,58,0.7382357
llm_experiment_perovskite_instability_trajectory_report_seed42_run5_with_rerank_score.csv,9,87,0.7817479
llm_experiment_perovskite_instability_trajectory_report_seed42_run5_with_rerank_score.csv,10,7,0.750937
llm_experiment_perovskite_instability_trajectory_report_seed42_run5_with_rerank_score.csv,11,83,0.6664756
llm_experiment_perovskite_instability_trajectory_report_seed42_run5_with_rerank_score.csv,12,8,0.60610276
llm_experiment_perovskite_instability_trajectory_report_seed42_run5_with_rerank_score.csv,13,29,0.6246834
llm_experiment_perovskite_instability_trajectory_report_seed42_run5_with_rerank_score.csv,14,67,0.63288915
llm_experiment_perovskite_instability_trajectory_report_seed42_run5_with_rerank_score.csv,15,59,0.77364457
llm_experiment_perovskite_instability_trajectory_report_seed42_run5_with_rerank_score.csv,16,88,0.756376
llm_experiment_perovskite_instability_trajectory_report_seed42_run5_with_rerank_score.csv,17,138,0.78334314
llm_experiment_perovskite_instability_trajectory_report_seed42_run5_with_rerank_score.csv,18,113,0.7116118
llm_experiment_perovskite_instability_trajectory_report_seed42_run5_with_rerank_score.csv,19,128,0.7352811
llm_experiment_perovskite_instability_trajectory_report_seed42_run5_with_rerank_score.csv,20,136,0.7339103
llm_experiment_perovskite_instability_trajectory_report_seed42_run5_with_rerank_score.csv,21,84,0.8342047
llm_experiment_perovskite_instability_trajectory_report_seed42_run5_with_rerank_score.csv,22,112,0.7640656
