dataset,model,alpha,warmstart_points,warm_n,warm_mean_iters,warm_median_iters,warm_std_iters,rand_n,rand_mean_iters,rand_median_iters,rand_std_iters,delta_mean_warm_minus_rand,delta_median_warm_minus_rand
Membrane_dataset,BNN,0.1,5,1.0,38.0,38.0,0.0,1.0,26.0,26.0,0.0,12.0,12.0
Membrane_dataset,BNN,0.1,6,2.0,19.5,19.5,17.5,2.0,13.0,13.0,11.0,6.5,6.5
Membrane_dataset,BNN,0.1,7,1.0,30.0,30.0,0.0,1.0,24.0,24.0,0.0,6.0,6.0
Membrane_dataset,BNN,0.1,9,1.0,1.0,1.0,0.0,1.0,21.0,21.0,0.0,-20.0,-20.0
Membrane_dataset,BNN,0.1,10,2.0,11.5,11.5,10.5,2.0,11.0,11.0,9.0,0.5,0.5
Membrane_dataset,BNN,0.1,11,3.0,15.0,18.0,10.424330514074594,3.0,22.666666666666668,20.0,3.7712361663282534,-7.666666666666668,-2.0
Membrane_dataset,BNN,0.1,13,1.0,5.0,5.0,0.0,1.0,20.0,20.0,0.0,-15.0,-15.0
Membrane_dataset,BNN,0.1,15,1.0,29.0,29.0,0.0,1.0,26.0,26.0,0.0,3.0,3.0
Membrane_dataset,BNN,0.1,16,1.0,21.0,21.0,0.0,1.0,30.0,30.0,0.0,-9.0,-9.0
Membrane_dataset,BNN,0.1,17,1.0,1.0,1.0,0.0,1.0,4.0,4.0,0.0,-3.0,-3.0
Membrane_dataset,BNN,0.5,5,1.0,33.0,33.0,0.0,1.0,26.0,26.0,0.0,7.0,7.0
Membrane_dataset,BNN,0.5,6,2.0,19.5,19.5,17.5,2.0,13.0,13.0,11.0,6.5,6.5
Membrane_dataset,BNN,0.5,7,1.0,30.0,30.0,0.0,1.0,23.0,23.0,0.0,7.0,7.0
Membrane_dataset,BNN,0.5,9,1.0,1.0,1.0,0.0,1.0,21.0,21.0,0.0,-20.0,-20.0
Membrane_dataset,BNN,0.5,10,2.0,11.5,11.5,10.5,2.0,11.0,11.0,9.0,0.5,0.5
Membrane_dataset,BNN,0.5,11,3.0,11.666666666666666,13.0,8.219218670625303,3.0,23.333333333333332,20.0,4.714045207910316,-11.666666666666666,-7.0
Membrane_dataset,BNN,0.5,13,1.0,5.0,5.0,0.0,1.0,20.0,20.0,0.0,-15.0,-15.0
Membrane_dataset,BNN,0.5,15,1.0,30.0,30.0,0.0,1.0,26.0,26.0,0.0,4.0,4.0
Membrane_dataset,BNN,0.5,16,1.0,20.0,20.0,0.0,1.0,29.0,29.0,0.0,-9.0,-9.0
Membrane_dataset,BNN,0.5,17,1.0,1.0,1.0,0.0,1.0,4.0,4.0,0.0,-3.0,-3.0
Membrane_dataset,BNN,1.0,5,1.0,33.0,33.0,0.0,1.0,26.0,26.0,0.0,7.0,7.0
Membrane_dataset,BNN,1.0,6,2.0,19.5,19.5,16.5,2.0,13.0,13.0,11.0,6.5,6.5
Membrane_dataset,BNN,1.0,7,1.0,31.0,31.0,0.0,1.0,24.0,24.0,0.0,7.0,7.0
Membrane_dataset,BNN,1.0,9,1.0,1.0,1.0,0.0,1.0,24.0,24.0,0.0,-23.0,-23.0
Membrane_dataset,BNN,1.0,10,2.0,10.5,10.5,9.5,2.0,11.0,11.0,9.0,-0.5,-0.5
Membrane_dataset,BNN,1.0,11,3.0,13.0,18.0,8.524474568362947,3.0,25.333333333333332,23.0,3.299831645537222,-12.333333333333332,-5.0
Membrane_dataset,BNN,1.0,13,1.0,5.0,5.0,0.0,1.0,20.0,20.0,0.0,-15.0,-15.0
Membrane_dataset,BNN,1.0,15,1.0,30.0,30.0,0.0,1.0,24.0,24.0,0.0,6.0,6.0
Membrane_dataset,BNN,1.0,16,1.0,20.0,20.0,0.0,1.0,30.0,30.0,0.0,-10.0,-10.0
Membrane_dataset,BNN,1.0,17,1.0,1.0,1.0,0.0,1.0,4.0,4.0,0.0,-3.0,-3.0
Membrane_dataset,GPR,0.1,5,1.0,13.0,13.0,0.0,1.0,65.0,65.0,0.0,-52.0,-52.0
Membrane_dataset,GPR,0.1,6,2.0,44.0,44.0,20.0,2.0,42.5,42.5,21.5,1.5,1.5
Membrane_dataset,GPR,0.1,7,1.0,63.0,63.0,0.0,1.0,63.0,63.0,0.0,0.0,0.0
Membrane_dataset,GPR,0.1,9,1.0,5.0,5.0,0.0,1.0,61.0,61.0,0.0,-56.0,-56.0
Membrane_dataset,GPR,0.1,10,2.0,33.5,33.5,26.5,2.0,42.0,42.0,18.0,-8.5,-8.5
Membrane_dataset,GPR,0.1,11,3.0,30.333333333333332,29.0,22.88133640230735,3.0,41.0,59.0,25.45584412271571,-10.666666666666668,-30.0
Membrane_dataset,GPR,0.1,13,1.0,26.0,26.0,0.0,1.0,2.0,2.0,0.0,24.0,24.0
Membrane_dataset,GPR,0.1,15,1.0,26.0,26.0,0.0,1.0,55.0,55.0,0.0,-29.0,-29.0
Membrane_dataset,GPR,0.1,16,1.0,30.0,30.0,0.0,1.0,54.0,54.0,0.0,-24.0,-24.0
Membrane_dataset,GPR,0.1,17,1.0,38.0,38.0,0.0,1.0,21.0,21.0,0.0,17.0,17.0
Membrane_dataset,GPR,0.5,5,1.0,16.0,16.0,0.0,1.0,17.0,17.0,0.0,-1.0,-1.0
Membrane_dataset,GPR,0.5,6,2.0,34.0,34.0,9.0,2.0,31.0,31.0,11.0,3.0,3.0
Membrane_dataset,GPR,0.5,7,1.0,10.0,10.0,0.0,1.0,41.0,41.0,0.0,-31.0,-31.0
Membrane_dataset,GPR,0.5,9,1.0,5.0,5.0,0.0,1.0,18.0,18.0,0.0,-13.0,-13.0
Membrane_dataset,GPR,0.5,10,2.0,5.5,5.5,0.5,2.0,13.5,13.5,9.5,-8.0,-8.0
Membrane_dataset,GPR,0.5,11,3.0,22.666666666666668,24.0,16.35712552851373,3.0,4.333333333333333,4.0,0.4714045207910317,18.333333333333336,20.0
Membrane_dataset,GPR,0.5,13,1.0,27.0,27.0,0.0,1.0,5.0,5.0,0.0,22.0,22.0
Membrane_dataset,GPR,0.5,15,1.0,23.0,23.0,0.0,1.0,34.0,34.0,0.0,-11.0,-11.0
Membrane_dataset,GPR,0.5,16,1.0,28.0,28.0,0.0,1.0,37.0,37.0,0.0,-9.0,-9.0
Membrane_dataset,GPR,0.5,17,1.0,21.0,21.0,0.0,1.0,21.0,21.0,0.0,0.0,0.0
Membrane_dataset,GPR,1.0,5,1.0,10.0,10.0,0.0,1.0,27.0,27.0,0.0,-17.0,-17.0
Membrane_dataset,GPR,1.0,6,2.0,15.5,15.5,7.5,2.0,13.5,13.5,12.5,2.0,2.0
Membrane_dataset,GPR,1.0,7,1.0,12.0,12.0,0.0,1.0,25.0,25.0,0.0,-13.0,-13.0
Membrane_dataset,GPR,1.0,9,1.0,13.0,13.0,0.0,1.0,7.0,7.0,0.0,6.0,6.0
Membrane_dataset,GPR,1.0,10,2.0,12.0,12.0,1.0,2.0,11.5,11.5,7.5,0.5,0.5
Membrane_dataset,GPR,1.0,11,3.0,18.333333333333332,13.0,11.264496832477201,3.0,4.333333333333333,4.0,0.4714045207910317,14.0,9.0
Membrane_dataset,GPR,1.0,13,1.0,17.0,17.0,0.0,1.0,4.0,4.0,0.0,13.0,13.0
Membrane_dataset,GPR,1.0,15,1.0,13.0,13.0,0.0,1.0,24.0,24.0,0.0,-11.0,-11.0
Membrane_dataset,GPR,1.0,16,1.0,21.0,21.0,0.0,1.0,19.0,19.0,0.0,2.0,2.0
Membrane_dataset,GPR,1.0,17,1.0,10.0,10.0,0.0,1.0,22.0,22.0,0.0,-12.0,-12.0
Membrane_dataset,RFR,0.1,5,1.0,10.0,10.0,0.0,1.0,10.0,10.0,0.0,0.0,0.0
Membrane_dataset,RFR,0.1,6,2.0,14.0,14.0,9.0,2.0,11.0,11.0,1.0,3.0,3.0
Membrane_dataset,RFR,0.1,7,1.0,23.0,23.0,0.0,1.0,30.0,30.0,0.0,-7.0,-7.0
Membrane_dataset,RFR,0.1,9,1.0,15.0,15.0,0.0,1.0,24.0,24.0,0.0,-9.0,-9.0
Membrane_dataset,RFR,0.1,10,2.0,14.5,14.5,6.5,2.0,25.5,25.5,0.5,-11.0,-11.0
Membrane_dataset,RFR,0.1,11,3.0,17.0,21.0,6.377042156569663,3.0,20.666666666666668,19.0,2.3570226039551585,-3.666666666666668,2.0
Membrane_dataset,RFR,0.1,13,1.0,17.0,17.0,0.0,1.0,26.0,26.0,0.0,-9.0,-9.0
Membrane_dataset,RFR,0.1,15,1.0,16.0,16.0,0.0,1.0,9.0,9.0,0.0,7.0,7.0
Membrane_dataset,RFR,0.1,16,1.0,14.0,14.0,0.0,1.0,21.0,21.0,0.0,-7.0,-7.0
Membrane_dataset,RFR,0.1,17,1.0,14.0,14.0,0.0,1.0,7.0,7.0,0.0,7.0,7.0
Membrane_dataset,RFR,0.5,5,1.0,27.0,27.0,0.0,1.0,16.0,16.0,0.0,11.0,11.0
Membrane_dataset,RFR,0.5,6,2.0,18.5,18.5,4.5,2.0,26.0,26.0,8.0,-7.5,-7.5
Membrane_dataset,RFR,0.5,7,1.0,8.0,8.0,0.0,1.0,36.0,36.0,0.0,-28.0,-28.0
Membrane_dataset,RFR,0.5,9,1.0,22.0,22.0,0.0,1.0,11.0,11.0,0.0,11.0,11.0
Membrane_dataset,RFR,0.5,10,2.0,28.5,28.5,5.5,2.0,28.5,28.5,0.5,0.0,0.0
Membrane_dataset,RFR,0.5,11,3.0,24.0,23.0,1.4142135623730951,3.0,24.666666666666668,22.0,3.7712361663282534,-0.6666666666666679,1.0
Membrane_dataset,RFR,0.5,13,1.0,32.0,32.0,0.0,1.0,32.0,32.0,0.0,0.0,0.0
Membrane_dataset,RFR,0.5,15,1.0,17.0,17.0,0.0,1.0,29.0,29.0,0.0,-12.0,-12.0
Membrane_dataset,RFR,0.5,16,1.0,22.0,22.0,0.0,1.0,30.0,30.0,0.0,-8.0,-8.0
Membrane_dataset,RFR,0.5,17,1.0,13.0,13.0,0.0,1.0,6.0,6.0,0.0,7.0,7.0
Membrane_dataset,RFR,1.0,5,1.0,32.0,32.0,0.0,1.0,23.0,23.0,0.0,9.0,9.0
Membrane_dataset,RFR,1.0,6,2.0,35.5,35.5,1.5,2.0,25.0,25.0,3.0,10.5,10.5
Membrane_dataset,RFR,1.0,7,1.0,39.0,39.0,0.0,1.0,40.0,40.0,0.0,-1.0,-1.0
Membrane_dataset,RFR,1.0,9,1.0,31.0,31.0,0.0,1.0,12.0,12.0,0.0,19.0,19.0
Membrane_dataset,RFR,1.0,10,2.0,31.0,31.0,0.0,2.0,34.5,34.5,2.5,-3.5,-3.5
Membrane_dataset,RFR,1.0,11,3.0,35.0,35.0,4.08248290463863,3.0,30.666666666666668,34.0,4.714045207910316,4.333333333333332,1.0
Membrane_dataset,RFR,1.0,13,1.0,28.0,28.0,0.0,1.0,38.0,38.0,0.0,-10.0,-10.0
Membrane_dataset,RFR,1.0,15,1.0,27.0,27.0,0.0,1.0,18.0,18.0,0.0,9.0,9.0
Membrane_dataset,RFR,1.0,16,1.0,28.0,28.0,0.0,1.0,33.0,33.0,0.0,-5.0,-5.0
Membrane_dataset,RFR,1.0,17,1.0,33.0,33.0,0.0,1.0,29.0,29.0,0.0,4.0,4.0
Membrane_dataset,XGB,0.1,5,1.0,19.0,19.0,0.0,1.0,6.0,6.0,0.0,13.0,13.0
Membrane_dataset,XGB,0.1,6,2.0,19.0,19.0,6.0,2.0,9.0,9.0,7.0,10.0,10.0
Membrane_dataset,XGB,0.1,7,1.0,14.0,14.0,0.0,1.0,22.0,22.0,0.0,-8.0,-8.0
Membrane_dataset,XGB,0.1,9,1.0,13.0,13.0,0.0,1.0,10.0,10.0,0.0,3.0,3.0
Membrane_dataset,XGB,0.1,10,2.0,8.5,8.5,0.5,2.0,7.0,7.0,4.0,1.5,1.5
Membrane_dataset,XGB,0.1,11,3.0,13.666666666666666,13.0,1.699673171197595,3.0,13.666666666666666,20.0,8.9566858950296,0.0,-7.0
Membrane_dataset,XGB,0.1,13,1.0,13.0,13.0,0.0,1.0,1.0,1.0,0.0,12.0,12.0
Membrane_dataset,XGB,0.1,15,1.0,8.0,8.0,0.0,1.0,19.0,19.0,0.0,-11.0,-11.0
Membrane_dataset,XGB,0.1,16,1.0,14.0,14.0,0.0,1.0,18.0,18.0,0.0,-4.0,-4.0
Membrane_dataset,XGB,0.1,17,1.0,13.0,13.0,0.0,1.0,17.0,17.0,0.0,-4.0,-4.0
Membrane_dataset,XGB,0.5,5,1.0,11.0,11.0,0.0,1.0,6.0,6.0,0.0,5.0,5.0
Membrane_dataset,XGB,0.5,6,2.0,19.5,19.5,6.5,2.0,11.5,11.5,9.5,8.0,8.0
Membrane_dataset,XGB,0.5,7,1.0,16.0,16.0,0.0,1.0,22.0,22.0,0.0,-6.0,-6.0
Membrane_dataset,XGB,0.5,9,1.0,12.0,12.0,0.0,1.0,14.0,14.0,0.0,-2.0,-2.0
Membrane_dataset,XGB,0.5,10,2.0,12.0,12.0,4.0,2.0,10.0,10.0,4.0,2.0,2.0
Membrane_dataset,XGB,0.5,11,3.0,11.666666666666666,12.0,3.6817870057290873,3.0,6.333333333333333,9.0,3.7712361663282534,5.333333333333333,3.0
Membrane_dataset,XGB,0.5,13,1.0,13.0,13.0,0.0,1.0,1.0,1.0,0.0,12.0,12.0
Membrane_dataset,XGB,0.5,15,1.0,8.0,8.0,0.0,1.0,19.0,19.0,0.0,-11.0,-11.0
Membrane_dataset,XGB,0.5,16,1.0,15.0,15.0,0.0,1.0,19.0,19.0,0.0,-4.0,-4.0
Membrane_dataset,XGB,0.5,17,1.0,13.0,13.0,0.0,1.0,17.0,17.0,0.0,-4.0,-4.0
Membrane_dataset,XGB,1.0,5,1.0,16.0,16.0,0.0,1.0,15.0,15.0,0.0,1.0,1.0
Membrane_dataset,XGB,1.0,6,2.0,21.0,21.0,7.0,2.0,12.0,12.0,10.0,9.0,9.0
Membrane_dataset,XGB,1.0,7,1.0,18.0,18.0,0.0,1.0,22.0,22.0,0.0,-4.0,-4.0
Membrane_dataset,XGB,1.0,9,1.0,15.0,15.0,0.0,1.0,8.0,8.0,0.0,7.0,7.0
Membrane_dataset,XGB,1.0,10,2.0,17.0,17.0,0.0,2.0,11.0,11.0,5.0,6.0,6.0
Membrane_dataset,XGB,1.0,11,3.0,11.666666666666666,12.0,3.6817870057290873,3.0,10.333333333333334,15.0,6.599663291074444,1.3333333333333321,-3.0
Membrane_dataset,XGB,1.0,13,1.0,14.0,14.0,0.0,1.0,1.0,1.0,0.0,13.0,13.0
Membrane_dataset,XGB,1.0,15,1.0,7.0,7.0,0.0,1.0,24.0,24.0,0.0,-17.0,-17.0
Membrane_dataset,XGB,1.0,16,1.0,7.0,7.0,0.0,1.0,19.0,19.0,0.0,-12.0,-12.0
Membrane_dataset,XGB,1.0,17,1.0,13.0,13.0,0.0,1.0,15.0,15.0,0.0,-2.0,-2.0
P3HT_dataset,BNN,0.1,27,1.0,60.0,60.0,0.0,1.0,46.0,46.0,0.0,14.0,14.0
P3HT_dataset,BNN,0.1,30,1.0,26.0,26.0,0.0,1.0,88.0,88.0,0.0,-62.0,-62.0
P3HT_dataset,BNN,0.1,45,2.0,44.5,44.5,22.5,2.0,66.5,66.5,27.5,-22.0,-22.0
P3HT_dataset,BNN,0.1,47,1.0,58.0,58.0,0.0,1.0,60.0,60.0,0.0,-2.0,-2.0
P3HT_dataset,BNN,0.1,49,1.0,21.0,21.0,0.0,1.0,83.0,83.0,0.0,-62.0,-62.0
P3HT_dataset,BNN,0.1,50,1.0,30.0,30.0,0.0,1.0,54.0,54.0,0.0,-24.0,-24.0
P3HT_dataset,BNN,0.1,51,1.0,25.0,25.0,0.0,1.0,34.0,34.0,0.0,-9.0,-9.0
P3HT_dataset,BNN,0.1,54,1.0,17.0,17.0,0.0,1.0,74.0,74.0,0.0,-57.0,-57.0
P3HT_dataset,BNN,0.1,55,1.0,29.0,29.0,0.0,1.0,47.0,47.0,0.0,-18.0,-18.0
P3HT_dataset,BNN,0.1,58,1.0,33.0,33.0,0.0,1.0,40.0,40.0,0.0,-7.0,-7.0
P3HT_dataset,BNN,0.1,60,1.0,28.0,28.0,0.0,1.0,50.0,50.0,0.0,-22.0,-22.0
P3HT_dataset,BNN,0.1,61,1.0,22.0,22.0,0.0,1.0,50.0,50.0,0.0,-28.0,-28.0
P3HT_dataset,BNN,0.1,62,1.0,25.0,25.0,0.0,1.0,87.0,87.0,0.0,-62.0,-62.0
P3HT_dataset,BNN,0.1,67,1.0,17.0,17.0,0.0,1.0,38.0,38.0,0.0,-21.0,-21.0
P3HT_dataset,BNN,0.1,68,1.0,18.0,18.0,0.0,1.0,65.0,65.0,0.0,-47.0,-47.0
P3HT_dataset,BNN,0.1,71,1.0,16.0,16.0,0.0,1.0,67.0,67.0,0.0,-51.0,-51.0
P3HT_dataset,BNN,0.5,27,1.0,59.0,59.0,0.0,1.0,36.0,36.0,0.0,23.0,23.0
P3HT_dataset,BNN,0.5,30,1.0,26.0,26.0,0.0,1.0,85.0,85.0,0.0,-59.0,-59.0
P3HT_dataset,BNN,0.5,45,2.0,44.0,44.0,22.0,2.0,68.0,68.0,28.0,-24.0,-24.0
P3HT_dataset,BNN,0.5,47,1.0,74.0,74.0,0.0,1.0,43.0,43.0,0.0,31.0,31.0
P3HT_dataset,BNN,0.5,49,1.0,20.0,20.0,0.0,1.0,84.0,84.0,0.0,-64.0,-64.0
P3HT_dataset,BNN,0.5,50,1.0,24.0,24.0,0.0,1.0,74.0,74.0,0.0,-50.0,-50.0
P3HT_dataset,BNN,0.5,51,1.0,24.0,24.0,0.0,1.0,36.0,36.0,0.0,-12.0,-12.0
P3HT_dataset,BNN,0.5,54,1.0,18.0,18.0,0.0,1.0,74.0,74.0,0.0,-56.0,-56.0
P3HT_dataset,BNN,0.5,55,1.0,32.0,32.0,0.0,1.0,47.0,47.0,0.0,-15.0,-15.0
P3HT_dataset,BNN,0.5,58,1.0,34.0,34.0,0.0,1.0,40.0,40.0,0.0,-6.0,-6.0
P3HT_dataset,BNN,0.5,60,1.0,29.0,29.0,0.0,1.0,52.0,52.0,0.0,-23.0,-23.0
P3HT_dataset,BNN,0.5,61,1.0,22.0,22.0,0.0,1.0,50.0,50.0,0.0,-28.0,-28.0
P3HT_dataset,BNN,0.5,62,1.0,22.0,22.0,0.0,1.0,83.0,83.0,0.0,-61.0,-61.0
P3HT_dataset,BNN,0.5,67,1.0,17.0,17.0,0.0,1.0,37.0,37.0,0.0,-20.0,-20.0
P3HT_dataset,BNN,0.5,68,1.0,18.0,18.0,0.0,1.0,66.0,66.0,0.0,-48.0,-48.0
P3HT_dataset,BNN,0.5,71,1.0,17.0,17.0,0.0,1.0,68.0,68.0,0.0,-51.0,-51.0
P3HT_dataset,BNN,1.0,27,1.0,67.0,67.0,0.0,1.0,45.0,45.0,0.0,22.0,22.0
P3HT_dataset,BNN,1.0,30,1.0,43.0,43.0,0.0,1.0,78.0,78.0,0.0,-35.0,-35.0
P3HT_dataset,BNN,1.0,45,2.0,49.5,49.5,24.5,2.0,80.0,80.0,18.0,-30.5,-30.5
P3HT_dataset,BNN,1.0,47,1.0,75.0,75.0,0.0,1.0,59.0,59.0,0.0,16.0,16.0
P3HT_dataset,BNN,1.0,49,1.0,20.0,20.0,0.0,1.0,65.0,65.0,0.0,-45.0,-45.0
P3HT_dataset,BNN,1.0,50,1.0,25.0,25.0,0.0,1.0,45.0,45.0,0.0,-20.0,-20.0
P3HT_dataset,BNN,1.0,51,1.0,28.0,28.0,0.0,1.0,23.0,23.0,0.0,5.0,5.0
P3HT_dataset,BNN,1.0,54,1.0,18.0,18.0,0.0,1.0,75.0,75.0,0.0,-57.0,-57.0
P3HT_dataset,BNN,1.0,55,1.0,32.0,32.0,0.0,1.0,42.0,42.0,0.0,-10.0,-10.0
P3HT_dataset,BNN,1.0,58,1.0,35.0,35.0,0.0,1.0,40.0,40.0,0.0,-5.0,-5.0
P3HT_dataset,BNN,1.0,60,1.0,31.0,31.0,0.0,1.0,52.0,52.0,0.0,-21.0,-21.0
P3HT_dataset,BNN,1.0,61,1.0,22.0,22.0,0.0,1.0,48.0,48.0,0.0,-26.0,-26.0
P3HT_dataset,BNN,1.0,62,1.0,24.0,24.0,0.0,1.0,78.0,78.0,0.0,-54.0,-54.0
P3HT_dataset,BNN,1.0,67,1.0,18.0,18.0,0.0,1.0,38.0,38.0,0.0,-20.0,-20.0
P3HT_dataset,BNN,1.0,68,1.0,18.0,18.0,0.0,1.0,69.0,69.0,0.0,-51.0,-51.0
P3HT_dataset,GPR,0.1,27,1.0,76.0,76.0,0.0,1.0,38.0,38.0,0.0,38.0,38.0
P3HT_dataset,GPR,0.1,30,1.0,63.0,63.0,0.0,1.0,55.0,55.0,0.0,8.0,8.0
P3HT_dataset,GPR,0.1,45,2.0,32.5,32.5,10.5,2.0,41.5,41.5,6.5,-9.0,-9.0
P3HT_dataset,GPR,0.1,47,1.0,40.0,40.0,0.0,1.0,17.0,17.0,0.0,23.0,23.0
P3HT_dataset,GPR,0.1,49,1.0,26.0,26.0,0.0,1.0,32.0,32.0,0.0,-6.0,-6.0
P3HT_dataset,GPR,0.1,50,1.0,43.0,43.0,0.0,1.0,50.0,50.0,0.0,-7.0,-7.0
P3HT_dataset,GPR,0.1,51,1.0,53.0,53.0,0.0,1.0,22.0,22.0,0.0,31.0,31.0
P3HT_dataset,GPR,0.1,54,1.0,3.0,3.0,0.0,1.0,31.0,31.0,0.0,-28.0,-28.0
P3HT_dataset,GPR,0.1,55,1.0,34.0,34.0,0.0,1.0,17.0,17.0,0.0,17.0,17.0
P3HT_dataset,GPR,0.1,58,1.0,26.0,26.0,0.0,1.0,39.0,39.0,0.0,-13.0,-13.0
P3HT_dataset,GPR,0.1,60,1.0,23.0,23.0,0.0,1.0,53.0,53.0,0.0,-30.0,-30.0
P3HT_dataset,GPR,0.1,61,1.0,18.0,18.0,0.0,1.0,52.0,52.0,0.0,-34.0,-34.0
P3HT_dataset,GPR,0.1,62,1.0,5.0,5.0,0.0,1.0,72.0,72.0,0.0,-67.0,-67.0
P3HT_dataset,GPR,0.1,67,1.0,13.0,13.0,0.0,1.0,38.0,38.0,0.0,-25.0,-25.0
P3HT_dataset,GPR,0.1,68,1.0,15.0,15.0,0.0,1.0,68.0,68.0,0.0,-53.0,-53.0
P3HT_dataset,GPR,0.5,27,1.0,78.0,78.0,0.0,1.0,33.0,33.0,0.0,45.0,45.0
P3HT_dataset,GPR,0.5,30,1.0,60.0,60.0,0.0,1.0,56.0,56.0,0.0,4.0,4.0
P3HT_dataset,GPR,0.5,45,2.0,31.0,31.0,11.0,2.0,41.0,41.0,6.0,-10.0,-10.0
P3HT_dataset,GPR,0.5,47,1.0,42.0,42.0,0.0,1.0,17.0,17.0,0.0,25.0,25.0
P3HT_dataset,GPR,0.5,49,1.0,26.0,26.0,0.0,1.0,32.0,32.0,0.0,-6.0,-6.0
P3HT_dataset,GPR,0.5,50,1.0,43.0,43.0,0.0,1.0,50.0,50.0,0.0,-7.0,-7.0
P3HT_dataset,GPR,0.5,51,1.0,51.0,51.0,0.0,1.0,22.0,22.0,0.0,29.0,29.0
P3HT_dataset,GPR,0.5,54,1.0,3.0,3.0,0.0,1.0,33.0,33.0,0.0,-30.0,-30.0
P3HT_dataset,GPR,0.5,55,1.0,34.0,34.0,0.0,1.0,17.0,17.0,0.0,17.0,17.0
P3HT_dataset,GPR,0.5,58,1.0,34.0,34.0,0.0,1.0,39.0,39.0,0.0,-5.0,-5.0
P3HT_dataset,GPR,0.5,60,1.0,22.0,22.0,0.0,1.0,52.0,52.0,0.0,-30.0,-30.0
P3HT_dataset,GPR,0.5,61,1.0,19.0,19.0,0.0,1.0,52.0,52.0,0.0,-33.0,-33.0
P3HT_dataset,GPR,0.5,62,1.0,5.0,5.0,0.0,1.0,73.0,73.0,0.0,-68.0,-68.0
P3HT_dataset,GPR,0.5,67,1.0,13.0,13.0,0.0,1.0,38.0,38.0,0.0,-25.0,-25.0
P3HT_dataset,GPR,0.5,68,1.0,15.0,15.0,0.0,1.0,70.0,70.0,0.0,-55.0,-55.0
P3HT_dataset,GPR,1.0,27,1.0,79.0,79.0,0.0,1.0,38.0,38.0,0.0,41.0,41.0
P3HT_dataset,GPR,1.0,30,1.0,63.0,63.0,0.0,1.0,56.0,56.0,0.0,7.0,7.0
P3HT_dataset,GPR,1.0,45,2.0,34.5,34.5,13.5,2.0,51.0,51.0,17.0,-16.5,-16.5
P3HT_dataset,GPR,1.0,47,1.0,42.0,42.0,0.0,1.0,17.0,17.0,0.0,25.0,25.0
P3HT_dataset,GPR,1.0,49,1.0,27.0,27.0,0.0,1.0,30.0,30.0,0.0,-3.0,-3.0
P3HT_dataset,GPR,1.0,50,1.0,45.0,45.0,0.0,1.0,50.0,50.0,0.0,-5.0,-5.0
P3HT_dataset,GPR,1.0,51,1.0,49.0,49.0,0.0,1.0,22.0,22.0,0.0,27.0,27.0
P3HT_dataset,GPR,1.0,54,1.0,3.0,3.0,0.0,1.0,33.0,33.0,0.0,-30.0,-30.0
P3HT_dataset,GPR,1.0,55,1.0,47.0,47.0,0.0,1.0,17.0,17.0,0.0,30.0,30.0
P3HT_dataset,GPR,1.0,58,1.0,32.0,32.0,0.0,1.0,39.0,39.0,0.0,-7.0,-7.0
P3HT_dataset,GPR,1.0,60,1.0,37.0,37.0,0.0,1.0,54.0,54.0,0.0,-17.0,-17.0
P3HT_dataset,GPR,1.0,61,1.0,36.0,36.0,0.0,1.0,52.0,52.0,0.0,-16.0,-16.0
P3HT_dataset,GPR,1.0,62,1.0,5.0,5.0,0.0,1.0,74.0,74.0,0.0,-69.0,-69.0
P3HT_dataset,GPR,1.0,67,1.0,13.0,13.0,0.0,1.0,38.0,38.0,0.0,-25.0,-25.0
P3HT_dataset,GPR,1.0,68,1.0,18.0,18.0,0.0,1.0,50.0,50.0,0.0,-32.0,-32.0
P3HT_dataset,RFR,0.1,27,1.0,100.0,100.0,0.0,1.0,61.0,61.0,0.0,39.0,39.0
P3HT_dataset,RFR,0.1,30,1.0,80.0,80.0,0.0,1.0,102.0,102.0,0.0,-22.0,-22.0
P3HT_dataset,RFR,0.1,45,2.0,54.5,54.5,29.5,2.0,95.0,95.0,1.0,-40.5,-40.5
P3HT_dataset,RFR,0.1,47,1.0,73.0,73.0,0.0,1.0,55.0,55.0,0.0,18.0,18.0
P3HT_dataset,RFR,0.1,49,1.0,31.0,31.0,0.0,1.0,92.0,92.0,0.0,-61.0,-61.0
P3HT_dataset,RFR,0.1,50,1.0,21.0,21.0,0.0,1.0,90.0,90.0,0.0,-69.0,-69.0
P3HT_dataset,RFR,0.1,51,1.0,34.0,34.0,0.0,1.0,47.0,47.0,0.0,-13.0,-13.0
P3HT_dataset,RFR,0.1,54,1.0,22.0,22.0,0.0,1.0,72.0,72.0,0.0,-50.0,-50.0
P3HT_dataset,RFR,0.1,55,1.0,31.0,31.0,0.0,1.0,47.0,47.0,0.0,-16.0,-16.0
P3HT_dataset,RFR,0.1,58,1.0,30.0,30.0,0.0,1.0,47.0,47.0,0.0,-17.0,-17.0
P3HT_dataset,RFR,0.1,60,1.0,18.0,18.0,0.0,1.0,81.0,81.0,0.0,-63.0,-63.0
P3HT_dataset,RFR,0.1,61,1.0,22.0,22.0,0.0,1.0,81.0,81.0,0.0,-59.0,-59.0
P3HT_dataset,RFR,0.1,62,1.0,26.0,26.0,0.0,1.0,80.0,80.0,0.0,-54.0,-54.0
P3HT_dataset,RFR,0.1,67,1.0,22.0,22.0,0.0,1.0,38.0,38.0,0.0,-16.0,-16.0
P3HT_dataset,RFR,0.1,68,1.0,20.0,20.0,0.0,1.0,77.0,77.0,0.0,-57.0,-57.0
P3HT_dataset,RFR,0.5,27,1.0,99.0,99.0,0.0,1.0,87.0,87.0,0.0,12.0,12.0
P3HT_dataset,RFR,0.5,30,1.0,78.0,78.0,0.0,1.0,89.0,89.0,0.0,-11.0,-11.0
P3HT_dataset,RFR,0.5,45,2.0,67.5,67.5,3.5,2.0,93.5,93.5,13.5,-26.0,-26.0
P3HT_dataset,RFR,0.5,47,1.0,77.0,77.0,0.0,1.0,64.0,64.0,0.0,13.0,13.0
P3HT_dataset,RFR,0.5,49,1.0,62.0,62.0,0.0,1.0,76.0,76.0,0.0,-14.0,-14.0
P3HT_dataset,RFR,0.5,50,1.0,55.0,55.0,0.0,1.0,76.0,76.0,0.0,-21.0,-21.0
P3HT_dataset,RFR,0.5,51,1.0,53.0,53.0,0.0,1.0,72.0,72.0,0.0,-19.0,-19.0
P3HT_dataset,RFR,0.5,54,1.0,62.0,62.0,0.0,1.0,86.0,86.0,0.0,-24.0,-24.0
P3HT_dataset,RFR,0.5,55,1.0,53.0,53.0,0.0,1.0,62.0,62.0,0.0,-9.0,-9.0
P3HT_dataset,RFR,0.5,58,1.0,59.0,59.0,0.0,1.0,60.0,60.0,0.0,-1.0,-1.0
P3HT_dataset,RFR,0.5,60,1.0,48.0,48.0,0.0,1.0,92.0,92.0,0.0,-44.0,-44.0
P3HT_dataset,RFR,0.5,61,1.0,53.0,53.0,0.0,1.0,83.0,83.0,0.0,-30.0,-30.0
P3HT_dataset,RFR,0.5,62,1.0,55.0,55.0,0.0,1.0,72.0,72.0,0.0,-17.0,-17.0
P3HT_dataset,RFR,0.5,67,1.0,36.0,36.0,0.0,1.0,51.0,51.0,0.0,-15.0,-15.0
P3HT_dataset,RFR,0.5,68,1.0,47.0,47.0,0.0,1.0,72.0,72.0,0.0,-25.0,-25.0
P3HT_dataset,RFR,1.0,27,1.0,107.0,107.0,0.0,1.0,107.0,107.0,0.0,0.0,0.0
P3HT_dataset,RFR,1.0,30,1.0,74.0,74.0,0.0,1.0,108.0,108.0,0.0,-34.0,-34.0
P3HT_dataset,RFR,1.0,45,2.0,93.5,93.5,3.5,2.0,100.5,100.5,6.5,-7.0,-7.0
P3HT_dataset,RFR,1.0,47,1.0,71.0,71.0,0.0,1.0,84.0,84.0,0.0,-13.0,-13.0
P3HT_dataset,RFR,1.0,49,1.0,86.0,86.0,0.0,1.0,92.0,92.0,0.0,-6.0,-6.0
P3HT_dataset,RFR,1.0,50,1.0,62.0,62.0,0.0,1.0,79.0,79.0,0.0,-17.0,-17.0
P3HT_dataset,RFR,1.0,51,1.0,82.0,82.0,0.0,1.0,93.0,93.0,0.0,-11.0,-11.0
P3HT_dataset,RFR,1.0,54,1.0,81.0,81.0,0.0,1.0,86.0,86.0,0.0,-5.0,-5.0
P3HT_dataset,RFR,1.0,55,1.0,79.0,79.0,0.0,1.0,79.0,79.0,0.0,0.0,0.0
P3HT_dataset,RFR,1.0,58,1.0,79.0,79.0,0.0,1.0,85.0,85.0,0.0,-6.0,-6.0
P3HT_dataset,RFR,1.0,60,1.0,51.0,51.0,0.0,1.0,80.0,80.0,0.0,-29.0,-29.0
P3HT_dataset,RFR,1.0,61,1.0,74.0,74.0,0.0,1.0,76.0,76.0,0.0,-2.0,-2.0
P3HT_dataset,RFR,1.0,62,1.0,53.0,53.0,0.0,1.0,77.0,77.0,0.0,-24.0,-24.0
P3HT_dataset,RFR,1.0,67,1.0,47.0,47.0,0.0,1.0,81.0,81.0,0.0,-34.0,-34.0
P3HT_dataset,RFR,1.0,68,1.0,62.0,62.0,0.0,1.0,73.0,73.0,0.0,-11.0,-11.0
P3HT_dataset,XGB,0.1,27,1.0,96.0,96.0,0.0,1.0,37.0,37.0,0.0,59.0,59.0
P3HT_dataset,XGB,0.1,30,1.0,79.0,79.0,0.0,1.0,90.0,90.0,0.0,-11.0,-11.0
P3HT_dataset,XGB,0.1,45,2.0,45.5,45.5,22.5,2.0,99.5,99.5,1.5,-54.0,-54.0
P3HT_dataset,XGB,0.1,47,1.0,67.0,67.0,0.0,1.0,48.0,48.0,0.0,19.0,19.0
P3HT_dataset,XGB,0.1,49,1.0,14.0,14.0,0.0,1.0,92.0,92.0,0.0,-78.0,-78.0
P3HT_dataset,XGB,0.1,50,1.0,20.0,20.0,0.0,1.0,90.0,90.0,0.0,-70.0,-70.0
P3HT_dataset,XGB,0.1,51,1.0,27.0,27.0,0.0,1.0,36.0,36.0,0.0,-9.0,-9.0
P3HT_dataset,XGB,0.1,54,1.0,22.0,22.0,0.0,1.0,77.0,77.0,0.0,-55.0,-55.0
P3HT_dataset,XGB,0.1,55,1.0,25.0,25.0,0.0,1.0,48.0,48.0,0.0,-23.0,-23.0
P3HT_dataset,XGB,0.1,58,1.0,29.0,29.0,0.0,1.0,42.0,42.0,0.0,-13.0,-13.0
P3HT_dataset,XGB,0.1,60,1.0,26.0,26.0,0.0,1.0,86.0,86.0,0.0,-60.0,-60.0
P3HT_dataset,XGB,0.1,61,1.0,14.0,14.0,0.0,1.0,92.0,92.0,0.0,-78.0,-78.0
P3HT_dataset,XGB,0.1,62,1.0,20.0,20.0,0.0,1.0,79.0,79.0,0.0,-59.0,-59.0
P3HT_dataset,XGB,0.1,67,1.0,15.0,15.0,0.0,1.0,38.0,38.0,0.0,-23.0,-23.0
P3HT_dataset,XGB,0.1,68,1.0,14.0,14.0,0.0,1.0,84.0,84.0,0.0,-70.0,-70.0
P3HT_dataset,XGB,0.5,27,1.0,99.0,99.0,0.0,1.0,51.0,51.0,0.0,48.0,48.0
P3HT_dataset,XGB,0.5,30,1.0,99.0,99.0,0.0,1.0,96.0,96.0,0.0,3.0,3.0
P3HT_dataset,XGB,0.5,45,2.0,50.0,50.0,27.0,2.0,96.0,96.0,2.0,-46.0,-46.0
P3HT_dataset,XGB,0.5,47,1.0,85.0,85.0,0.0,1.0,44.0,44.0,0.0,41.0,41.0
P3HT_dataset,XGB,0.5,49,1.0,14.0,14.0,0.0,1.0,81.0,81.0,0.0,-67.0,-67.0
P3HT_dataset,XGB,0.5,50,1.0,15.0,15.0,0.0,1.0,86.0,86.0,0.0,-71.0,-71.0
P3HT_dataset,XGB,0.5,51,1.0,26.0,26.0,0.0,1.0,36.0,36.0,0.0,-10.0,-10.0
P3HT_dataset,XGB,0.5,54,1.0,14.0,14.0,0.0,1.0,76.0,76.0,0.0,-62.0,-62.0
P3HT_dataset,XGB,0.5,55,1.0,23.0,23.0,0.0,1.0,42.0,42.0,0.0,-19.0,-19.0
P3HT_dataset,XGB,0.5,58,1.0,27.0,27.0,0.0,1.0,42.0,42.0,0.0,-15.0,-15.0
P3HT_dataset,XGB,0.5,60,1.0,24.0,24.0,0.0,1.0,88.0,88.0,0.0,-64.0,-64.0
P3HT_dataset,XGB,0.5,61,1.0,15.0,15.0,0.0,1.0,87.0,87.0,0.0,-72.0,-72.0
P3HT_dataset,XGB,0.5,62,1.0,23.0,23.0,0.0,1.0,93.0,93.0,0.0,-70.0,-70.0
P3HT_dataset,XGB,0.5,67,1.0,21.0,21.0,0.0,1.0,38.0,38.0,0.0,-17.0,-17.0
P3HT_dataset,XGB,0.5,68,1.0,15.0,15.0,0.0,1.0,85.0,85.0,0.0,-70.0,-70.0
P3HT_dataset,XGB,1.0,27,1.0,97.0,97.0,0.0,1.0,51.0,51.0,0.0,46.0,46.0
P3HT_dataset,XGB,1.0,30,1.0,84.0,84.0,0.0,1.0,96.0,96.0,0.0,-12.0,-12.0
P3HT_dataset,XGB,1.0,45,2.0,43.5,43.5,19.5,2.0,99.0,99.0,6.0,-55.5,-55.5
P3HT_dataset,XGB,1.0,47,1.0,73.0,73.0,0.0,1.0,45.0,45.0,0.0,28.0,28.0
P3HT_dataset,XGB,1.0,49,1.0,25.0,25.0,0.0,1.0,85.0,85.0,0.0,-60.0,-60.0
P3HT_dataset,XGB,1.0,50,1.0,26.0,26.0,0.0,1.0,92.0,92.0,0.0,-66.0,-66.0
P3HT_dataset,XGB,1.0,51,1.0,26.0,26.0,0.0,1.0,35.0,35.0,0.0,-9.0,-9.0
P3HT_dataset,XGB,1.0,54,1.0,20.0,20.0,0.0,1.0,66.0,66.0,0.0,-46.0,-46.0
P3HT_dataset,XGB,1.0,55,1.0,29.0,29.0,0.0,1.0,44.0,44.0,0.0,-15.0,-15.0
P3HT_dataset,XGB,1.0,58,1.0,32.0,32.0,0.0,1.0,46.0,46.0,0.0,-14.0,-14.0
P3HT_dataset,XGB,1.0,60,1.0,22.0,22.0,0.0,1.0,91.0,91.0,0.0,-69.0,-69.0
P3HT_dataset,XGB,1.0,61,1.0,20.0,20.0,0.0,1.0,89.0,89.0,0.0,-69.0,-69.0
P3HT_dataset,XGB,1.0,62,1.0,26.0,26.0,0.0,1.0,67.0,67.0,0.0,-41.0,-41.0
P3HT_dataset,XGB,1.0,67,1.0,22.0,22.0,0.0,1.0,41.0,41.0,0.0,-19.0,-19.0
P3HT_dataset,XGB,1.0,68,1.0,16.0,16.0,0.0,1.0,88.0,88.0,0.0,-72.0,-72.0
Perovskite_dataset,BNN,0.1,10,1.0,2.0,2.0,0.0,1.0,81.0,81.0,0.0,-79.0,-79.0
Perovskite_dataset,BNN,0.1,11,1.0,2.0,2.0,0.0,1.0,7.0,7.0,0.0,-5.0,-5.0
Perovskite_dataset,BNN,0.1,27,1.0,2.0,2.0,0.0,1.0,1.0,1.0,0.0,1.0,1.0
Perovskite_dataset,BNN,0.1,29,1.0,5.0,5.0,0.0,1.0,1.0,1.0,0.0,4.0,4.0
Perovskite_dataset,BNN,0.1,43,1.0,2.0,2.0,0.0,1.0,3.0,3.0,0.0,-1.0,-1.0
Perovskite_dataset,BNN,0.1,60,1.0,3.0,3.0,0.0,1.0,10.0,10.0,0.0,-7.0,-7.0
Perovskite_dataset,BNN,0.5,10,1.0,2.0,2.0,0.0,1.0,63.0,63.0,0.0,-61.0,-61.0
Perovskite_dataset,BNN,0.5,11,1.0,2.0,2.0,0.0,1.0,7.0,7.0,0.0,-5.0,-5.0
Perovskite_dataset,BNN,0.5,27,1.0,2.0,2.0,0.0,1.0,1.0,1.0,0.0,1.0,1.0
Perovskite_dataset,BNN,0.5,29,1.0,5.0,5.0,0.0,1.0,1.0,1.0,0.0,4.0,4.0
Perovskite_dataset,BNN,0.5,43,1.0,2.0,2.0,0.0,1.0,3.0,3.0,0.0,-1.0,-1.0
Perovskite_dataset,BNN,0.5,60,1.0,3.0,3.0,0.0,1.0,10.0,10.0,0.0,-7.0,-7.0
Perovskite_dataset,BNN,1.0,10,1.0,2.0,2.0,0.0,1.0,54.0,54.0,0.0,-52.0,-52.0
Perovskite_dataset,BNN,1.0,11,1.0,2.0,2.0,0.0,1.0,7.0,7.0,0.0,-5.0,-5.0
Perovskite_dataset,BNN,1.0,27,1.0,2.0,2.0,0.0,1.0,1.0,1.0,0.0,1.0,1.0
Perovskite_dataset,BNN,1.0,29,1.0,5.0,5.0,0.0,1.0,1.0,1.0,0.0,4.0,4.0
Perovskite_dataset,BNN,1.0,43,1.0,2.0,2.0,0.0,1.0,3.0,3.0,0.0,-1.0,-1.0
Perovskite_dataset,BNN,1.0,60,1.0,3.0,3.0,0.0,1.0,3.0,3.0,0.0,0.0,0.0
Perovskite_dataset,GPR,0.1,10,1.0,26.0,26.0,0.0,1.0,9.0,9.0,0.0,17.0,17.0
Perovskite_dataset,GPR,0.1,11,1.0,31.0,31.0,0.0,1.0,5.0,5.0,0.0,26.0,26.0
Perovskite_dataset,GPR,0.1,15,1.0,20.0,20.0,0.0,1.0,7.0,7.0,0.0,13.0,13.0
Perovskite_dataset,GPR,0.1,18,1.0,6.0,6.0,0.0,1.0,4.0,4.0,0.0,2.0,2.0
Perovskite_dataset,GPR,0.1,22,1.0,19.0,19.0,0.0,1.0,2.0,2.0,0.0,17.0,17.0
Perovskite_dataset,GPR,0.1,23,2.0,20.5,20.5,1.5,2.0,3.0,3.0,0.0,17.5,17.5
Perovskite_dataset,GPR,0.1,26,3.0,16.0,17.0,3.7416573867739413,3.0,19.666666666666668,12.0,10.842303978193728,-3.666666666666668,5.0
Perovskite_dataset,GPR,0.1,27,1.0,19.0,19.0,0.0,1.0,16.0,16.0,0.0,3.0,3.0
Perovskite_dataset,GPR,0.1,29,2.0,31.5,31.5,3.5,2.0,14.5,14.5,0.5,17.0,17.0
Perovskite_dataset,GPR,0.1,42,1.0,18.0,18.0,0.0,1.0,18.0,18.0,0.0,0.0,0.0
Perovskite_dataset,GPR,0.1,43,2.0,11.5,11.5,2.5,2.0,17.0,17.0,1.0,-5.5,-5.5
Perovskite_dataset,GPR,0.1,45,1.0,6.0,6.0,0.0,1.0,10.0,10.0,0.0,-4.0,-4.0
Perovskite_dataset,GPR,0.1,54,1.0,27.0,27.0,0.0,1.0,26.0,26.0,0.0,1.0,1.0
Perovskite_dataset,GPR,0.1,60,1.0,5.0,5.0,0.0,1.0,7.0,7.0,0.0,-2.0,-2.0
Perovskite_dataset,GPR,0.1,73,1.0,14.0,14.0,0.0,1.0,4.0,4.0,0.0,10.0,10.0
Perovskite_dataset,GPR,0.5,10,1.0,27.0,27.0,0.0,1.0,9.0,9.0,0.0,18.0,18.0
Perovskite_dataset,GPR,0.5,11,1.0,31.0,31.0,0.0,1.0,5.0,5.0,0.0,26.0,26.0
Perovskite_dataset,GPR,0.5,15,1.0,31.0,31.0,0.0,1.0,7.0,7.0,0.0,24.0,24.0
Perovskite_dataset,GPR,0.5,18,1.0,18.0,18.0,0.0,1.0,32.0,32.0,0.0,-14.0,-14.0
Perovskite_dataset,GPR,0.5,22,1.0,19.0,19.0,0.0,1.0,22.0,22.0,0.0,-3.0,-3.0
Perovskite_dataset,GPR,0.5,23,2.0,15.5,15.5,3.5,2.0,2.0,2.0,0.0,13.5,13.5
Perovskite_dataset,GPR,0.5,26,3.0,19.333333333333332,20.0,0.9428090415820634,3.0,20.0,12.0,11.313708498984761,-0.6666666666666679,8.0
Perovskite_dataset,GPR,0.5,27,1.0,19.0,19.0,0.0,1.0,16.0,16.0,0.0,3.0,3.0
Perovskite_dataset,GPR,0.5,29,2.0,32.0,32.0,2.0,2.0,14.5,14.5,0.5,17.5,17.5
Perovskite_dataset,GPR,0.5,42,1.0,18.0,18.0,0.0,1.0,18.0,18.0,0.0,0.0,0.0
Perovskite_dataset,GPR,0.5,43,2.0,17.0,17.0,1.0,2.0,16.0,16.0,3.0,1.0,1.0
Perovskite_dataset,GPR,0.5,45,1.0,9.0,9.0,0.0,1.0,10.0,10.0,0.0,-1.0,-1.0
Perovskite_dataset,GPR,0.5,54,1.0,13.0,13.0,0.0,1.0,28.0,28.0,0.0,-15.0,-15.0
Perovskite_dataset,GPR,0.5,60,1.0,5.0,5.0,0.0,1.0,6.0,6.0,0.0,-1.0,-1.0
Perovskite_dataset,GPR,0.5,73,1.0,15.0,15.0,0.0,1.0,19.0,19.0,0.0,-4.0,-4.0
Perovskite_dataset,GPR,1.0,10,1.0,31.0,31.0,0.0,1.0,9.0,9.0,0.0,22.0,22.0
Perovskite_dataset,GPR,1.0,11,1.0,31.0,31.0,0.0,1.0,7.0,7.0,0.0,24.0,24.0
Perovskite_dataset,GPR,1.0,15,1.0,24.0,24.0,0.0,1.0,7.0,7.0,0.0,17.0,17.0
Perovskite_dataset,GPR,1.0,18,1.0,45.0,45.0,0.0,1.0,30.0,30.0,0.0,15.0,15.0
Perovskite_dataset,GPR,1.0,22,1.0,16.0,16.0,0.0,1.0,25.0,25.0,0.0,-9.0,-9.0
Perovskite_dataset,GPR,1.0,23,2.0,23.0,23.0,7.0,2.0,31.0,31.0,0.0,-8.0,-8.0
Perovskite_dataset,GPR,1.0,26,3.0,18.0,19.0,2.160246899469287,3.0,20.333333333333332,12.0,11.785113019775793,-2.333333333333332,7.0
Perovskite_dataset,GPR,1.0,27,1.0,19.0,19.0,0.0,1.0,16.0,16.0,0.0,3.0,3.0
Perovskite_dataset,GPR,1.0,29,2.0,32.5,32.5,3.5,2.0,18.5,18.5,4.5,14.0,14.0
Perovskite_dataset,GPR,1.0,42,1.0,18.0,18.0,0.0,1.0,15.0,15.0,0.0,3.0,3.0
Perovskite_dataset,GPR,1.0,43,2.0,19.0,19.0,2.0,2.0,15.0,15.0,6.0,4.0,4.0
Perovskite_dataset,GPR,1.0,45,1.0,9.0,9.0,0.0,1.0,13.0,13.0,0.0,-4.0,-4.0
Perovskite_dataset,GPR,1.0,54,1.0,27.0,27.0,0.0,1.0,28.0,28.0,0.0,-1.0,-1.0
Perovskite_dataset,GPR,1.0,60,1.0,5.0,5.0,0.0,1.0,5.0,5.0,0.0,0.0,0.0
Perovskite_dataset,GPR,1.0,73,1.0,16.0,16.0,0.0,1.0,24.0,24.0,0.0,-8.0,-8.0
Perovskite_dataset,RFR,0.1,10,1.0,1.0,1.0,0.0,1.0,37.0,37.0,0.0,-36.0,-36.0
Perovskite_dataset,RFR,0.1,11,1.0,1.0,1.0,0.0,1.0,1.0,1.0,0.0,0.0,0.0
Perovskite_dataset,RFR,0.1,15,1.0,2.0,2.0,0.0,1.0,3.0,3.0,0.0,-1.0,-1.0
Perovskite_dataset,RFR,0.1,18,1.0,3.0,3.0,0.0,1.0,1.0,1.0,0.0,2.0,2.0
Perovskite_dataset,RFR,0.1,22,1.0,1.0,1.0,0.0,1.0,1.0,1.0,0.0,0.0,0.0
Perovskite_dataset,RFR,0.1,23,2.0,7.5,7.5,6.5,2.0,3.0,3.0,0.0,4.5,4.5
Perovskite_dataset,RFR,0.1,26,3.0,1.3333333333333333,1.0,0.4714045207910317,3.0,11.0,1.0,14.142135623730951,-9.666666666666666,0.0
Perovskite_dataset,RFR,0.1,27,1.0,2.0,2.0,0.0,1.0,2.0,2.0,0.0,0.0,0.0
Perovskite_dataset,RFR,0.1,29,2.0,1.0,1.0,0.0,2.0,2.5,2.5,0.5,-1.5,-1.5
Perovskite_dataset,RFR,0.1,42,1.0,1.0,1.0,0.0,1.0,1.0,1.0,0.0,0.0,0.0
Perovskite_dataset,RFR,0.1,43,2.0,3.0,3.0,0.0,2.0,8.5,8.5,7.5,-5.5,-5.5
Perovskite_dataset,RFR,0.1,45,1.0,2.0,2.0,0.0,1.0,1.0,1.0,0.0,1.0,1.0
Perovskite_dataset,RFR,0.1,54,1.0,2.0,2.0,0.0,1.0,17.0,17.0,0.0,-15.0,-15.0
Perovskite_dataset,RFR,0.1,60,1.0,2.0,2.0,0.0,1.0,10.0,10.0,0.0,-8.0,-8.0
Perovskite_dataset,RFR,0.1,73,1.0,1.0,1.0,0.0,1.0,1.0,1.0,0.0,0.0,0.0
Perovskite_dataset,RFR,0.5,10,1.0,11.0,11.0,0.0,1.0,26.0,26.0,0.0,-15.0,-15.0
Perovskite_dataset,RFR,0.5,11,1.0,1.0,1.0,0.0,1.0,4.0,4.0,0.0,-3.0,-3.0
Perovskite_dataset,RFR,0.5,15,1.0,2.0,2.0,0.0,1.0,5.0,5.0,0.0,-3.0,-3.0
Perovskite_dataset,RFR,0.5,18,1.0,8.0,8.0,0.0,1.0,3.0,3.0,0.0,5.0,5.0
Perovskite_dataset,RFR,0.5,22,1.0,6.0,6.0,0.0,1.0,4.0,4.0,0.0,2.0,2.0
Perovskite_dataset,RFR,0.5,23,2.0,6.0,6.0,5.0,2.0,3.0,3.0,0.0,3.0,3.0
Perovskite_dataset,RFR,0.5,26,3.0,4.333333333333333,1.0,4.714045207910317,3.0,15.0,3.0,16.97056274847714,-10.666666666666668,-2.0
Perovskite_dataset,RFR,0.5,27,1.0,10.0,10.0,0.0,1.0,9.0,9.0,0.0,1.0,1.0
Perovskite_dataset,RFR,0.5,29,2.0,1.5,1.5,0.5,2.0,8.5,8.5,0.5,-7.0,-7.0
Perovskite_dataset,RFR,0.5,42,1.0,4.0,4.0,0.0,1.0,4.0,4.0,0.0,0.0,0.0
Perovskite_dataset,RFR,0.5,43,2.0,19.0,19.0,2.0,2.0,10.0,10.0,6.0,9.0,9.0
Perovskite_dataset,RFR,0.5,45,1.0,11.0,11.0,0.0,1.0,4.0,4.0,0.0,7.0,7.0
Perovskite_dataset,RFR,0.5,54,1.0,5.0,5.0,0.0,1.0,23.0,23.0,0.0,-18.0,-18.0
Perovskite_dataset,RFR,0.5,60,1.0,11.0,11.0,0.0,1.0,6.0,6.0,0.0,5.0,5.0
Perovskite_dataset,RFR,0.5,73,1.0,5.0,5.0,0.0,1.0,3.0,3.0,0.0,2.0,2.0
Perovskite_dataset,RFR,1.0,10,1.0,63.0,63.0,0.0,1.0,64.0,64.0,0.0,-1.0,-1.0
Perovskite_dataset,RFR,1.0,11,1.0,2.0,2.0,0.0,1.0,4.0,4.0,0.0,-2.0,-2.0
Perovskite_dataset,RFR,1.0,15,1.0,2.0,2.0,0.0,1.0,32.0,32.0,0.0,-30.0,-30.0
Perovskite_dataset,RFR,1.0,18,1.0,68.0,68.0,0.0,1.0,14.0,14.0,0.0,54.0,54.0
Perovskite_dataset,RFR,1.0,22,1.0,27.0,27.0,0.0,1.0,12.0,12.0,0.0,15.0,15.0
Perovskite_dataset,RFR,1.0,23,2.0,11.5,11.5,10.5,2.0,15.0,15.0,0.0,-3.5,-3.5
Perovskite_dataset,RFR,1.0,26,3.0,12.333333333333334,5.0,13.29995822884,3.0,21.333333333333332,10.0,16.027753706895076,-8.999999999999998,-5.0
Perovskite_dataset,RFR,1.0,27,1.0,28.0,28.0,0.0,1.0,35.0,35.0,0.0,-7.0,-7.0
Perovskite_dataset,RFR,1.0,29,2.0,10.0,10.0,8.0,2.0,11.0,11.0,3.0,-1.0,-1.0
Perovskite_dataset,RFR,1.0,42,1.0,47.0,47.0,0.0,1.0,7.0,7.0,0.0,40.0,40.0
Perovskite_dataset,RFR,1.0,43,2.0,54.0,54.0,17.0,2.0,9.5,9.5,2.5,44.5,44.5
Perovskite_dataset,RFR,1.0,45,1.0,36.0,36.0,0.0,1.0,6.0,6.0,0.0,30.0,30.0
Perovskite_dataset,RFR,1.0,54,1.0,5.0,5.0,0.0,1.0,15.0,15.0,0.0,-10.0,-10.0
Perovskite_dataset,RFR,1.0,60,1.0,46.0,46.0,0.0,1.0,15.0,15.0,0.0,31.0,31.0
Perovskite_dataset,RFR,1.0,73,1.0,32.0,32.0,0.0,1.0,33.0,33.0,0.0,-1.0,-1.0
Perovskite_dataset,XGB,0.1,10,1.0,2.0,2.0,0.0,1.0,65.0,65.0,0.0,-63.0,-63.0
Perovskite_dataset,XGB,0.1,11,1.0,1.0,1.0,0.0,1.0,1.0,1.0,0.0,0.0,0.0
Perovskite_dataset,XGB,0.1,15,1.0,1.0,1.0,0.0,1.0,1.0,1.0,0.0,0.0,0.0
Perovskite_dataset,XGB,0.1,18,1.0,2.0,2.0,0.0,1.0,1.0,1.0,0.0,1.0,1.0
Perovskite_dataset,XGB,0.1,22,1.0,1.0,1.0,0.0,1.0,1.0,1.0,0.0,0.0,0.0
Perovskite_dataset,XGB,0.1,23,2.0,6.5,6.5,5.5,2.0,7.0,7.0,0.0,-0.5,-0.5
Perovskite_dataset,XGB,0.1,26,3.0,1.0,1.0,0.0,3.0,9.666666666666666,1.0,12.256517540566824,-8.666666666666666,0.0
Perovskite_dataset,XGB,0.1,27,1.0,1.0,1.0,0.0,1.0,1.0,1.0,0.0,0.0,0.0
Perovskite_dataset,XGB,0.1,29,2.0,1.0,1.0,0.0,2.0,12.5,12.5,11.5,-11.5,-11.5
Perovskite_dataset,XGB,0.1,42,1.0,1.0,1.0,0.0,1.0,1.0,1.0,0.0,0.0,0.0
Perovskite_dataset,XGB,0.1,43,2.0,2.0,2.0,0.0,2.0,6.0,6.0,5.0,-4.0,-4.0
Perovskite_dataset,XGB,0.1,45,1.0,2.0,2.0,0.0,1.0,5.0,5.0,0.0,-3.0,-3.0
Perovskite_dataset,XGB,0.1,54,1.0,1.0,1.0,0.0,1.0,22.0,22.0,0.0,-21.0,-21.0
Perovskite_dataset,XGB,0.1,60,1.0,1.0,1.0,0.0,1.0,7.0,7.0,0.0,-6.0,-6.0
Perovskite_dataset,XGB,0.1,73,1.0,2.0,2.0,0.0,1.0,1.0,1.0,0.0,1.0,1.0
Perovskite_dataset,XGB,0.5,10,1.0,3.0,3.0,0.0,1.0,26.0,26.0,0.0,-23.0,-23.0
Perovskite_dataset,XGB,0.5,11,1.0,1.0,1.0,0.0,1.0,1.0,1.0,0.0,0.0,0.0
Perovskite_dataset,XGB,0.5,15,1.0,1.0,1.0,0.0,1.0,2.0,2.0,0.0,-1.0,-1.0
Perovskite_dataset,XGB,0.5,18,1.0,2.0,2.0,0.0,1.0,1.0,1.0,0.0,1.0,1.0
Perovskite_dataset,XGB,0.5,22,1.0,1.0,1.0,0.0,1.0,1.0,1.0,0.0,0.0,0.0
Perovskite_dataset,XGB,0.5,23,2.0,2.0,2.0,1.0,2.0,1.0,1.0,0.0,1.0,1.0
Perovskite_dataset,XGB,0.5,26,3.0,1.0,1.0,0.0,3.0,11.0,1.0,14.142135623730951,-10.0,0.0
Perovskite_dataset,XGB,0.5,27,1.0,2.0,2.0,0.0,1.0,1.0,1.0,0.0,1.0,1.0
Perovskite_dataset,XGB,0.5,29,2.0,1.0,1.0,0.0,2.0,1.0,1.0,0.0,0.0,0.0
Perovskite_dataset,XGB,0.5,42,1.0,1.0,1.0,0.0,1.0,1.0,1.0,0.0,0.0,0.0
Perovskite_dataset,XGB,0.5,43,2.0,2.0,2.0,0.0,2.0,5.0,5.0,4.0,-3.0,-3.0
Perovskite_dataset,XGB,0.5,45,1.0,2.0,2.0,0.0,1.0,1.0,1.0,0.0,1.0,1.0
Perovskite_dataset,XGB,0.5,54,1.0,1.0,1.0,0.0,1.0,22.0,22.0,0.0,-21.0,-21.0
Perovskite_dataset,XGB,0.5,60,1.0,2.0,2.0,0.0,1.0,4.0,4.0,0.0,-2.0,-2.0
Perovskite_dataset,XGB,0.5,73,1.0,2.0,2.0,0.0,1.0,1.0,1.0,0.0,1.0,1.0
Perovskite_dataset,XGB,1.0,10,1.0,4.0,4.0,0.0,1.0,10.0,10.0,0.0,-6.0,-6.0
Perovskite_dataset,XGB,1.0,11,1.0,1.0,1.0,0.0,1.0,1.0,1.0,0.0,0.0,0.0
Perovskite_dataset,XGB,1.0,15,1.0,1.0,1.0,0.0,1.0,2.0,2.0,0.0,-1.0,-1.0
Perovskite_dataset,XGB,1.0,18,1.0,2.0,2.0,0.0,1.0,1.0,1.0,0.0,1.0,1.0
Perovskite_dataset,XGB,1.0,22,1.0,2.0,2.0,0.0,1.0,4.0,4.0,0.0,-2.0,-2.0
Perovskite_dataset,XGB,1.0,23,2.0,1.5,1.5,0.5,2.0,1.0,1.0,0.0,0.5,0.5
Perovskite_dataset,XGB,1.0,26,3.0,1.3333333333333333,1.0,0.4714045207910317,3.0,11.666666666666666,1.0,15.084944665313014,-10.333333333333332,0.0
Perovskite_dataset,XGB,1.0,27,1.0,2.0,2.0,0.0,1.0,1.0,1.0,0.0,1.0,1.0
Perovskite_dataset,XGB,1.0,29,2.0,1.0,1.0,0.0,2.0,1.0,1.0,0.0,0.0,0.0
Perovskite_dataset,XGB,1.0,42,1.0,1.0,1.0,0.0,1.0,1.0,1.0,0.0,0.0,0.0
Perovskite_dataset,XGB,1.0,43,2.0,4.5,4.5,0.5,2.0,6.0,6.0,4.0,-1.5,-1.5
Perovskite_dataset,XGB,1.0,45,1.0,2.0,2.0,0.0,1.0,3.0,3.0,0.0,-1.0,-1.0
Perovskite_dataset,XGB,1.0,54,1.0,1.0,1.0,0.0,1.0,23.0,23.0,0.0,-22.0,-22.0
Perovskite_dataset,XGB,1.0,60,1.0,3.0,3.0,0.0,1.0,6.0,6.0,0.0,-3.0,-3.0
Perovskite_dataset,XGB,1.0,73,1.0,3.0,3.0,0.0,1.0,1.0,1.0,0.0,2.0,2.0
matbench_steels (composition),BNN,0.1,2,1.0,17.0,17.0,0.0,1.0,25.0,25.0,0.0,-8.0,-8.0
matbench_steels (composition),BNN,0.1,8,1.0,13.0,13.0,0.0,1.0,24.0,24.0,0.0,-11.0,-11.0
matbench_steels (composition),BNN,0.1,13,1.0,14.0,14.0,0.0,1.0,11.0,11.0,0.0,3.0,3.0
matbench_steels (composition),BNN,0.1,15,1.0,15.0,15.0,0.0,1.0,53.0,53.0,0.0,-38.0,-38.0
matbench_steels (composition),BNN,0.1,24,1.0,9.0,9.0,0.0,1.0,26.0,26.0,0.0,-17.0,-17.0
matbench_steels (composition),BNN,0.1,39,1.0,20.0,20.0,0.0,1.0,23.0,23.0,0.0,-3.0,-3.0
matbench_steels (composition),BNN,0.1,40,1.0,23.0,23.0,0.0,1.0,30.0,30.0,0.0,-7.0,-7.0
matbench_steels (composition),BNN,0.1,42,1.0,18.0,18.0,0.0,1.0,17.0,17.0,0.0,1.0,1.0
matbench_steels (composition),BNN,0.1,43,1.0,15.0,15.0,0.0,1.0,15.0,15.0,0.0,0.0,0.0
matbench_steels (composition),BNN,0.1,54,1.0,32.0,32.0,0.0,1.0,13.0,13.0,0.0,19.0,19.0
matbench_steels (composition),BNN,0.1,83,1.0,10.0,10.0,0.0,1.0,3.0,3.0,0.0,7.0,7.0
matbench_steels (composition),BNN,0.1,110,1.0,17.0,17.0,0.0,1.0,12.0,12.0,0.0,5.0,5.0
matbench_steels (composition),BNN,0.1,119,1.0,16.0,16.0,0.0,1.0,8.0,8.0,0.0,8.0,8.0
matbench_steels (composition),BNN,0.1,120,1.0,75.0,75.0,0.0,1.0,11.0,11.0,0.0,64.0,64.0
matbench_steels (composition),BNN,0.1,130,1.0,10.0,10.0,0.0,1.0,10.0,10.0,0.0,0.0,0.0
matbench_steels (composition),BNN,0.1,146,1.0,11.0,11.0,0.0,1.0,6.0,6.0,0.0,5.0,5.0
matbench_steels (composition),BNN,0.1,157,1.0,11.0,11.0,0.0,1.0,5.0,5.0,0.0,6.0,6.0
matbench_steels (composition),BNN,0.1,158,1.0,8.0,8.0,0.0,1.0,14.0,14.0,0.0,-6.0,-6.0
matbench_steels (composition),BNN,0.1,169,1.0,5.0,5.0,0.0,1.0,8.0,8.0,0.0,-3.0,-3.0
matbench_steels (composition),BNN,0.1,170,1.0,9.0,9.0,0.0,1.0,1.0,1.0,0.0,8.0,8.0
matbench_steels (composition),BNN,0.5,2,1.0,17.0,17.0,0.0,1.0,25.0,25.0,0.0,-8.0,-8.0
matbench_steels (composition),BNN,0.5,8,1.0,13.0,13.0,0.0,1.0,24.0,24.0,0.0,-11.0,-11.0
matbench_steels (composition),BNN,0.5,13,1.0,14.0,14.0,0.0,1.0,11.0,11.0,0.0,3.0,3.0
matbench_steels (composition),BNN,0.5,15,1.0,15.0,15.0,0.0,1.0,53.0,53.0,0.0,-38.0,-38.0
matbench_steels (composition),BNN,0.5,24,1.0,9.0,9.0,0.0,1.0,31.0,31.0,0.0,-22.0,-22.0
matbench_steels (composition),BNN,0.5,39,1.0,20.0,20.0,0.0,1.0,23.0,23.0,0.0,-3.0,-3.0
matbench_steels (composition),BNN,0.5,40,1.0,23.0,23.0,0.0,1.0,27.0,27.0,0.0,-4.0,-4.0
matbench_steels (composition),BNN,0.5,42,1.0,17.0,17.0,0.0,1.0,17.0,17.0,0.0,0.0,0.0
matbench_steels (composition),BNN,0.5,43,1.0,15.0,15.0,0.0,1.0,15.0,15.0,0.0,0.0,0.0
matbench_steels (composition),BNN,0.5,54,1.0,32.0,32.0,0.0,1.0,13.0,13.0,0.0,19.0,19.0
matbench_steels (composition),BNN,0.5,83,1.0,10.0,10.0,0.0,1.0,3.0,3.0,0.0,7.0,7.0
matbench_steels (composition),BNN,0.5,110,1.0,17.0,17.0,0.0,1.0,12.0,12.0,0.0,5.0,5.0
matbench_steels (composition),BNN,0.5,119,1.0,15.0,15.0,0.0,1.0,8.0,8.0,0.0,7.0,7.0
matbench_steels (composition),BNN,0.5,120,1.0,57.0,57.0,0.0,1.0,13.0,13.0,0.0,44.0,44.0
matbench_steels (composition),BNN,0.5,130,1.0,10.0,10.0,0.0,1.0,10.0,10.0,0.0,0.0,0.0
matbench_steels (composition),BNN,0.5,146,1.0,11.0,11.0,0.0,1.0,6.0,6.0,0.0,5.0,5.0
matbench_steels (composition),BNN,0.5,157,1.0,11.0,11.0,0.0,1.0,5.0,5.0,0.0,6.0,6.0
matbench_steels (composition),BNN,0.5,158,1.0,8.0,8.0,0.0,1.0,14.0,14.0,0.0,-6.0,-6.0
matbench_steels (composition),BNN,0.5,169,1.0,5.0,5.0,0.0,1.0,8.0,8.0,0.0,-3.0,-3.0
matbench_steels (composition),BNN,0.5,170,1.0,9.0,9.0,0.0,1.0,1.0,1.0,0.0,8.0,8.0
matbench_steels (composition),BNN,1.0,2,1.0,17.0,17.0,0.0,1.0,25.0,25.0,0.0,-8.0,-8.0
matbench_steels (composition),BNN,1.0,8,1.0,13.0,13.0,0.0,1.0,24.0,24.0,0.0,-11.0,-11.0
matbench_steels (composition),BNN,1.0,13,1.0,14.0,14.0,0.0,1.0,11.0,11.0,0.0,3.0,3.0
matbench_steels (composition),BNN,1.0,15,1.0,15.0,15.0,0.0,1.0,53.0,53.0,0.0,-38.0,-38.0
matbench_steels (composition),BNN,1.0,24,1.0,9.0,9.0,0.0,1.0,31.0,31.0,0.0,-22.0,-22.0
matbench_steels (composition),BNN,1.0,39,1.0,20.0,20.0,0.0,1.0,23.0,23.0,0.0,-3.0,-3.0
matbench_steels (composition),BNN,1.0,40,1.0,22.0,22.0,0.0,1.0,27.0,27.0,0.0,-5.0,-5.0
matbench_steels (composition),BNN,1.0,42,1.0,17.0,17.0,0.0,1.0,17.0,17.0,0.0,0.0,0.0
matbench_steels (composition),BNN,1.0,43,1.0,15.0,15.0,0.0,1.0,15.0,15.0,0.0,0.0,0.0
matbench_steels (composition),BNN,1.0,54,1.0,31.0,31.0,0.0,1.0,13.0,13.0,0.0,18.0,18.0
matbench_steels (composition),BNN,1.0,83,1.0,10.0,10.0,0.0,1.0,3.0,3.0,0.0,7.0,7.0
matbench_steels (composition),BNN,1.0,110,1.0,14.0,14.0,0.0,1.0,12.0,12.0,0.0,2.0,2.0
matbench_steels (composition),BNN,1.0,119,1.0,16.0,16.0,0.0,1.0,8.0,8.0,0.0,8.0,8.0
matbench_steels (composition),BNN,1.0,120,1.0,47.0,47.0,0.0,1.0,13.0,13.0,0.0,34.0,34.0
matbench_steels (composition),BNN,1.0,130,1.0,10.0,10.0,0.0,1.0,10.0,10.0,0.0,0.0,0.0
matbench_steels (composition),BNN,1.0,146,1.0,11.0,11.0,0.0,1.0,6.0,6.0,0.0,5.0,5.0
matbench_steels (composition),BNN,1.0,157,1.0,11.0,11.0,0.0,1.0,5.0,5.0,0.0,6.0,6.0
matbench_steels (composition),BNN,1.0,158,1.0,9.0,9.0,0.0,1.0,14.0,14.0,0.0,-5.0,-5.0
matbench_steels (composition),BNN,1.0,169,1.0,5.0,5.0,0.0,1.0,8.0,8.0,0.0,-3.0,-3.0
matbench_steels (composition),BNN,1.0,170,1.0,9.0,9.0,0.0,1.0,1.0,1.0,0.0,8.0,8.0
matbench_steels (composition),GPR,0.1,2,1.0,1.0,1.0,0.0,1.0,206.0,206.0,0.0,-205.0,-205.0
matbench_steels (composition),GPR,0.1,8,1.0,18.0,18.0,0.0,1.0,38.0,38.0,0.0,-20.0,-20.0
matbench_steels (composition),GPR,0.1,13,1.0,1.0,1.0,0.0,1.0,17.0,17.0,0.0,-16.0,-16.0
matbench_steels (composition),GPR,0.1,15,1.0,10.0,10.0,0.0,1.0,53.0,53.0,0.0,-43.0,-43.0
matbench_steels (composition),GPR,0.1,24,1.0,8.0,8.0,0.0,1.0,21.0,21.0,0.0,-13.0,-13.0
matbench_steels (composition),GPR,0.1,39,1.0,8.0,8.0,0.0,1.0,14.0,14.0,0.0,-6.0,-6.0
matbench_steels (composition),GPR,0.1,40,1.0,9.0,9.0,0.0,1.0,16.0,16.0,0.0,-7.0,-7.0
matbench_steels (composition),GPR,0.1,42,1.0,7.0,7.0,0.0,1.0,13.0,13.0,0.0,-6.0,-6.0
matbench_steels (composition),GPR,0.1,43,1.0,7.0,7.0,0.0,1.0,13.0,13.0,0.0,-6.0,-6.0
matbench_steels (composition),GPR,0.1,54,1.0,35.0,35.0,0.0,1.0,10.0,10.0,0.0,25.0,25.0
matbench_steels (composition),GPR,0.1,83,1.0,2.0,2.0,0.0,1.0,1.0,1.0,0.0,1.0,1.0
matbench_steels (composition),GPR,0.1,110,1.0,107.0,107.0,0.0,1.0,11.0,11.0,0.0,96.0,96.0
matbench_steels (composition),GPR,0.1,119,1.0,43.0,43.0,0.0,1.0,9.0,9.0,0.0,34.0,34.0
matbench_steels (composition),GPR,0.1,120,1.0,66.0,66.0,0.0,1.0,9.0,9.0,0.0,57.0,57.0
matbench_steels (composition),GPR,0.1,130,1.0,9.0,9.0,0.0,1.0,6.0,6.0,0.0,3.0,3.0
matbench_steels (composition),GPR,0.1,146,1.0,8.0,8.0,0.0,1.0,8.0,8.0,0.0,0.0,0.0
matbench_steels (composition),GPR,0.1,157,1.0,8.0,8.0,0.0,1.0,8.0,8.0,0.0,0.0,0.0
matbench_steels (composition),GPR,0.1,158,1.0,3.0,3.0,0.0,1.0,10.0,10.0,0.0,-7.0,-7.0
matbench_steels (composition),GPR,0.1,169,1.0,6.0,6.0,0.0,1.0,8.0,8.0,0.0,-2.0,-2.0
matbench_steels (composition),GPR,0.1,170,1.0,6.0,6.0,0.0,1.0,4.0,4.0,0.0,2.0,2.0
matbench_steels (composition),GPR,0.5,2,1.0,1.0,1.0,0.0,1.0,200.0,200.0,0.0,-199.0,-199.0
matbench_steels (composition),GPR,0.5,8,1.0,18.0,18.0,0.0,1.0,37.0,37.0,0.0,-19.0,-19.0
matbench_steels (composition),GPR,0.5,13,1.0,5.0,5.0,0.0,1.0,17.0,17.0,0.0,-12.0,-12.0
matbench_steels (composition),GPR,0.5,15,1.0,10.0,10.0,0.0,1.0,53.0,53.0,0.0,-43.0,-43.0
matbench_steels (composition),GPR,0.5,24,1.0,8.0,8.0,0.0,1.0,21.0,21.0,0.0,-13.0,-13.0
matbench_steels (composition),GPR,0.5,39,1.0,8.0,8.0,0.0,1.0,14.0,14.0,0.0,-6.0,-6.0
matbench_steels (composition),GPR,0.5,40,1.0,9.0,9.0,0.0,1.0,15.0,15.0,0.0,-6.0,-6.0
matbench_steels (composition),GPR,0.5,42,1.0,7.0,7.0,0.0,1.0,15.0,15.0,0.0,-8.0,-8.0
matbench_steels (composition),GPR,0.5,43,1.0,7.0,7.0,0.0,1.0,13.0,13.0,0.0,-6.0,-6.0
matbench_steels (composition),GPR,0.5,54,1.0,35.0,35.0,0.0,1.0,10.0,10.0,0.0,25.0,25.0
matbench_steels (composition),GPR,0.5,83,1.0,3.0,3.0,0.0,1.0,1.0,1.0,0.0,2.0,2.0
matbench_steels (composition),GPR,0.5,110,1.0,107.0,107.0,0.0,1.0,11.0,11.0,0.0,96.0,96.0
matbench_steels (composition),GPR,0.5,119,1.0,43.0,43.0,0.0,1.0,9.0,9.0,0.0,34.0,34.0
matbench_steels (composition),GPR,0.5,120,1.0,54.0,54.0,0.0,1.0,9.0,9.0,0.0,45.0,45.0
matbench_steels (composition),GPR,0.5,130,1.0,9.0,9.0,0.0,1.0,6.0,6.0,0.0,3.0,3.0
matbench_steels (composition),GPR,0.5,146,1.0,9.0,9.0,0.0,1.0,8.0,8.0,0.0,1.0,1.0
matbench_steels (composition),GPR,0.5,157,1.0,8.0,8.0,0.0,1.0,8.0,8.0,0.0,0.0,0.0
matbench_steels (composition),GPR,0.5,158,1.0,3.0,3.0,0.0,1.0,10.0,10.0,0.0,-7.0,-7.0
matbench_steels (composition),GPR,0.5,169,1.0,6.0,6.0,0.0,1.0,8.0,8.0,0.0,-2.0,-2.0
matbench_steels (composition),GPR,0.5,170,1.0,6.0,6.0,0.0,1.0,4.0,4.0,0.0,2.0,2.0
matbench_steels (composition),GPR,1.0,2,1.0,1.0,1.0,0.0,1.0,190.0,190.0,0.0,-189.0,-189.0
matbench_steels (composition),GPR,1.0,8,1.0,18.0,18.0,0.0,1.0,37.0,37.0,0.0,-19.0,-19.0
matbench_steels (composition),GPR,1.0,13,1.0,7.0,7.0,0.0,1.0,16.0,16.0,0.0,-9.0,-9.0
matbench_steels (composition),GPR,1.0,15,1.0,10.0,10.0,0.0,1.0,52.0,52.0,0.0,-42.0,-42.0
matbench_steels (composition),GPR,1.0,24,1.0,8.0,8.0,0.0,1.0,19.0,19.0,0.0,-11.0,-11.0
matbench_steels (composition),GPR,1.0,39,1.0,7.0,7.0,0.0,1.0,14.0,14.0,0.0,-7.0,-7.0
matbench_steels (composition),GPR,1.0,40,1.0,9.0,9.0,0.0,1.0,23.0,23.0,0.0,-14.0,-14.0
matbench_steels (composition),GPR,1.0,42,1.0,7.0,7.0,0.0,1.0,15.0,15.0,0.0,-8.0,-8.0
matbench_steels (composition),GPR,1.0,43,1.0,8.0,8.0,0.0,1.0,14.0,14.0,0.0,-6.0,-6.0
matbench_steels (composition),GPR,1.0,54,1.0,31.0,31.0,0.0,1.0,10.0,10.0,0.0,21.0,21.0
matbench_steels (composition),GPR,1.0,83,1.0,3.0,3.0,0.0,1.0,1.0,1.0,0.0,2.0,2.0
matbench_steels (composition),GPR,1.0,110,1.0,103.0,103.0,0.0,1.0,11.0,11.0,0.0,92.0,92.0
matbench_steels (composition),GPR,1.0,119,1.0,43.0,43.0,0.0,1.0,9.0,9.0,0.0,34.0,34.0
matbench_steels (composition),GPR,1.0,120,1.0,54.0,54.0,0.0,1.0,9.0,9.0,0.0,45.0,45.0
matbench_steels (composition),GPR,1.0,130,1.0,9.0,9.0,0.0,1.0,6.0,6.0,0.0,3.0,3.0
matbench_steels (composition),GPR,1.0,146,1.0,7.0,7.0,0.0,1.0,8.0,8.0,0.0,-1.0,-1.0
matbench_steels (composition),GPR,1.0,157,1.0,8.0,8.0,0.0,1.0,8.0,8.0,0.0,0.0,0.0
matbench_steels (composition),GPR,1.0,158,1.0,3.0,3.0,0.0,1.0,10.0,10.0,0.0,-7.0,-7.0
matbench_steels (composition),GPR,1.0,169,1.0,6.0,6.0,0.0,1.0,8.0,8.0,0.0,-2.0,-2.0
matbench_steels (composition),GPR,1.0,170,1.0,6.0,6.0,0.0,1.0,4.0,4.0,0.0,2.0,2.0
matbench_steels (composition),RFR,0.1,2,1.0,5.0,5.0,0.0,1.0,7.0,7.0,0.0,-2.0,-2.0
matbench_steels (composition),RFR,0.1,8,1.0,11.0,11.0,0.0,1.0,17.0,17.0,0.0,-6.0,-6.0
matbench_steels (composition),RFR,0.1,13,1.0,10.0,10.0,0.0,1.0,9.0,9.0,0.0,1.0,1.0
matbench_steels (composition),RFR,0.1,15,1.0,9.0,9.0,0.0,1.0,93.0,93.0,0.0,-84.0,-84.0
matbench_steels (composition),RFR,0.1,24,1.0,1.0,1.0,0.0,1.0,8.0,8.0,0.0,-7.0,-7.0
matbench_steels (composition),RFR,0.1,39,1.0,1.0,1.0,0.0,1.0,4.0,4.0,0.0,-3.0,-3.0
matbench_steels (composition),RFR,0.1,40,1.0,6.0,6.0,0.0,1.0,4.0,4.0,0.0,2.0,2.0
matbench_steels (composition),RFR,0.1,42,1.0,7.0,7.0,0.0,1.0,6.0,6.0,0.0,1.0,1.0
matbench_steels (composition),RFR,0.1,43,1.0,2.0,2.0,0.0,1.0,1.0,1.0,0.0,1.0,1.0
matbench_steels (composition),RFR,0.1,54,1.0,5.0,5.0,0.0,1.0,6.0,6.0,0.0,-1.0,-1.0
matbench_steels (composition),RFR,0.1,83,1.0,1.0,1.0,0.0,1.0,2.0,2.0,0.0,-1.0,-1.0
matbench_steels (composition),RFR,0.1,110,1.0,31.0,31.0,0.0,1.0,1.0,1.0,0.0,30.0,30.0
matbench_steels (composition),RFR,0.1,119,1.0,10.0,10.0,0.0,1.0,3.0,3.0,0.0,7.0,7.0
matbench_steels (composition),RFR,0.1,120,1.0,54.0,54.0,0.0,1.0,2.0,2.0,0.0,52.0,52.0
matbench_steels (composition),RFR,0.1,130,1.0,1.0,1.0,0.0,1.0,7.0,7.0,0.0,-6.0,-6.0
matbench_steels (composition),RFR,0.1,146,1.0,2.0,2.0,0.0,1.0,2.0,2.0,0.0,0.0,0.0
matbench_steels (composition),RFR,0.1,157,1.0,1.0,1.0,0.0,1.0,1.0,1.0,0.0,0.0,0.0
matbench_steels (composition),RFR,0.1,158,1.0,1.0,1.0,0.0,1.0,7.0,7.0,0.0,-6.0,-6.0
matbench_steels (composition),RFR,0.1,169,1.0,3.0,3.0,0.0,1.0,7.0,7.0,0.0,-4.0,-4.0
matbench_steels (composition),RFR,0.1,170,1.0,3.0,3.0,0.0,1.0,1.0,1.0,0.0,2.0,2.0
matbench_steels (composition),RFR,0.5,2,1.0,16.0,16.0,0.0,1.0,7.0,7.0,0.0,9.0,9.0
matbench_steels (composition),RFR,0.5,8,1.0,11.0,11.0,0.0,1.0,16.0,16.0,0.0,-5.0,-5.0
matbench_steels (composition),RFR,0.5,13,1.0,13.0,13.0,0.0,1.0,4.0,4.0,0.0,9.0,9.0
matbench_steels (composition),RFR,0.5,15,1.0,6.0,6.0,0.0,1.0,74.0,74.0,0.0,-68.0,-68.0
matbench_steels (composition),RFR,0.5,24,1.0,13.0,13.0,0.0,1.0,6.0,6.0,0.0,7.0,7.0
matbench_steels (composition),RFR,0.5,39,1.0,1.0,1.0,0.0,1.0,2.0,2.0,0.0,-1.0,-1.0
matbench_steels (composition),RFR,0.5,40,1.0,9.0,9.0,0.0,1.0,4.0,4.0,0.0,5.0,5.0
matbench_steels (composition),RFR,0.5,42,1.0,8.0,8.0,0.0,1.0,4.0,4.0,0.0,4.0,4.0
matbench_steels (composition),RFR,0.5,43,1.0,5.0,5.0,0.0,1.0,1.0,1.0,0.0,4.0,4.0
matbench_steels (composition),RFR,0.5,54,1.0,6.0,6.0,0.0,1.0,6.0,6.0,0.0,0.0,0.0
matbench_steels (composition),RFR,0.5,83,1.0,1.0,1.0,0.0,1.0,2.0,2.0,0.0,-1.0,-1.0
matbench_steels (composition),RFR,0.5,110,1.0,32.0,32.0,0.0,1.0,2.0,2.0,0.0,30.0,30.0
matbench_steels (composition),RFR,0.5,119,1.0,11.0,11.0,0.0,1.0,2.0,2.0,0.0,9.0,9.0
matbench_steels (composition),RFR,0.5,120,1.0,41.0,41.0,0.0,1.0,2.0,2.0,0.0,39.0,39.0
matbench_steels (composition),RFR,0.5,130,1.0,3.0,3.0,0.0,1.0,3.0,3.0,0.0,0.0,0.0
matbench_steels (composition),RFR,0.5,146,1.0,2.0,2.0,0.0,1.0,2.0,2.0,0.0,0.0,0.0
matbench_steels (composition),RFR,0.5,157,1.0,1.0,1.0,0.0,1.0,1.0,1.0,0.0,0.0,0.0
matbench_steels (composition),RFR,0.5,158,1.0,2.0,2.0,0.0,1.0,9.0,9.0,0.0,-7.0,-7.0
matbench_steels (composition),RFR,0.5,169,1.0,3.0,3.0,0.0,1.0,3.0,3.0,0.0,0.0,0.0
matbench_steels (composition),RFR,0.5,170,1.0,1.0,1.0,0.0,1.0,2.0,2.0,0.0,-1.0,-1.0
matbench_steels (composition),RFR,1.0,2,1.0,20.0,20.0,0.0,1.0,12.0,12.0,0.0,8.0,8.0
matbench_steels (composition),RFR,1.0,8,1.0,3.0,3.0,0.0,1.0,12.0,12.0,0.0,-9.0,-9.0
matbench_steels (composition),RFR,1.0,13,1.0,21.0,21.0,0.0,1.0,4.0,4.0,0.0,17.0,17.0
matbench_steels (composition),RFR,1.0,15,1.0,26.0,26.0,0.0,1.0,12.0,12.0,0.0,14.0,14.0
matbench_steels (composition),RFR,1.0,24,1.0,28.0,28.0,0.0,1.0,5.0,5.0,0.0,23.0,23.0
matbench_steels (composition),RFR,1.0,39,1.0,4.0,4.0,0.0,1.0,2.0,2.0,0.0,2.0,2.0
matbench_steels (composition),RFR,1.0,40,1.0,23.0,23.0,0.0,1.0,2.0,2.0,0.0,21.0,21.0
matbench_steels (composition),RFR,1.0,42,1.0,5.0,5.0,0.0,1.0,2.0,2.0,0.0,3.0,3.0
matbench_steels (composition),RFR,1.0,43,1.0,4.0,4.0,0.0,1.0,1.0,1.0,0.0,3.0,3.0
matbench_steels (composition),RFR,1.0,54,1.0,14.0,14.0,0.0,1.0,4.0,4.0,0.0,10.0,10.0
matbench_steels (composition),RFR,1.0,83,1.0,1.0,1.0,0.0,1.0,19.0,19.0,0.0,-18.0,-18.0
matbench_steels (composition),RFR,1.0,110,1.0,33.0,33.0,0.0,1.0,12.0,12.0,0.0,21.0,21.0
matbench_steels (composition),RFR,1.0,119,1.0,23.0,23.0,0.0,1.0,3.0,3.0,0.0,20.0,20.0
matbench_steels (composition),RFR,1.0,120,1.0,22.0,22.0,0.0,1.0,4.0,4.0,0.0,18.0,18.0
matbench_steels (composition),RFR,1.0,130,1.0,12.0,12.0,0.0,1.0,10.0,10.0,0.0,2.0,2.0
matbench_steels (composition),RFR,1.0,146,1.0,4.0,4.0,0.0,1.0,5.0,5.0,0.0,-1.0,-1.0
matbench_steels (composition),RFR,1.0,157,1.0,3.0,3.0,0.0,1.0,1.0,1.0,0.0,2.0,2.0
matbench_steels (composition),RFR,1.0,158,1.0,6.0,6.0,0.0,1.0,10.0,10.0,0.0,-4.0,-4.0
matbench_steels (composition),RFR,1.0,169,1.0,5.0,5.0,0.0,1.0,6.0,6.0,0.0,-1.0,-1.0
matbench_steels (composition),RFR,1.0,170,1.0,1.0,1.0,0.0,1.0,6.0,6.0,0.0,-5.0,-5.0
matbench_steels (composition),XGB,0.1,2,1.0,13.0,13.0,0.0,1.0,63.0,63.0,0.0,-50.0,-50.0
matbench_steels (composition),XGB,0.1,8,1.0,8.0,8.0,0.0,1.0,30.0,30.0,0.0,-22.0,-22.0
matbench_steels (composition),XGB,0.1,13,1.0,9.0,9.0,0.0,1.0,13.0,13.0,0.0,-4.0,-4.0
matbench_steels (composition),XGB,0.1,15,1.0,11.0,11.0,0.0,1.0,90.0,90.0,0.0,-79.0,-79.0
matbench_steels (composition),XGB,0.1,24,1.0,9.0,9.0,0.0,1.0,6.0,6.0,0.0,3.0,3.0
matbench_steels (composition),XGB,0.1,39,1.0,2.0,2.0,0.0,1.0,8.0,8.0,0.0,-6.0,-6.0
matbench_steels (composition),XGB,0.1,40,1.0,9.0,9.0,0.0,1.0,9.0,9.0,0.0,0.0,0.0
matbench_steels (composition),XGB,0.1,42,1.0,9.0,9.0,0.0,1.0,8.0,8.0,0.0,1.0,1.0
matbench_steels (composition),XGB,0.1,43,1.0,7.0,7.0,0.0,1.0,8.0,8.0,0.0,-1.0,-1.0
matbench_steels (composition),XGB,0.1,54,1.0,12.0,12.0,0.0,1.0,12.0,12.0,0.0,0.0,0.0
matbench_steels (composition),XGB,0.1,83,1.0,1.0,1.0,0.0,1.0,1.0,1.0,0.0,0.0,0.0
matbench_steels (composition),XGB,0.1,110,1.0,27.0,27.0,0.0,1.0,9.0,9.0,0.0,18.0,18.0
matbench_steels (composition),XGB,0.1,119,1.0,23.0,23.0,0.0,1.0,8.0,8.0,0.0,15.0,15.0
matbench_steels (composition),XGB,0.1,120,1.0,46.0,46.0,0.0,1.0,8.0,8.0,0.0,38.0,38.0
matbench_steels (composition),XGB,0.1,130,1.0,7.0,7.0,0.0,1.0,6.0,6.0,0.0,1.0,1.0
matbench_steels (composition),XGB,0.1,146,1.0,2.0,2.0,0.0,1.0,7.0,7.0,0.0,-5.0,-5.0
matbench_steels (composition),XGB,0.1,157,1.0,8.0,8.0,0.0,1.0,7.0,7.0,0.0,1.0,1.0
matbench_steels (composition),XGB,0.1,158,1.0,1.0,1.0,0.0,1.0,5.0,5.0,0.0,-4.0,-4.0
matbench_steels (composition),XGB,0.1,169,1.0,3.0,3.0,0.0,1.0,7.0,7.0,0.0,-4.0,-4.0
matbench_steels (composition),XGB,0.1,170,1.0,3.0,3.0,0.0,1.0,4.0,4.0,0.0,-1.0,-1.0
matbench_steels (composition),XGB,0.5,2,1.0,14.0,14.0,0.0,1.0,9.0,9.0,0.0,5.0,5.0
matbench_steels (composition),XGB,0.5,8,1.0,11.0,11.0,0.0,1.0,19.0,19.0,0.0,-8.0,-8.0
matbench_steels (composition),XGB,0.5,13,1.0,9.0,9.0,0.0,1.0,13.0,13.0,0.0,-4.0,-4.0
matbench_steels (composition),XGB,0.5,15,1.0,11.0,11.0,0.0,1.0,81.0,81.0,0.0,-70.0,-70.0
matbench_steels (composition),XGB,0.5,24,1.0,9.0,9.0,0.0,1.0,6.0,6.0,0.0,3.0,3.0
matbench_steels (composition),XGB,0.5,39,1.0,2.0,2.0,0.0,1.0,9.0,9.0,0.0,-7.0,-7.0
matbench_steels (composition),XGB,0.5,40,1.0,9.0,9.0,0.0,1.0,9.0,9.0,0.0,0.0,0.0
matbench_steels (composition),XGB,0.5,42,1.0,9.0,9.0,0.0,1.0,9.0,9.0,0.0,0.0,0.0
matbench_steels (composition),XGB,0.5,43,1.0,7.0,7.0,0.0,1.0,8.0,8.0,0.0,-1.0,-1.0
matbench_steels (composition),XGB,0.5,54,1.0,12.0,12.0,0.0,1.0,9.0,9.0,0.0,3.0,3.0
matbench_steels (composition),XGB,0.5,83,1.0,1.0,1.0,0.0,1.0,1.0,1.0,0.0,0.0,0.0
matbench_steels (composition),XGB,0.5,110,1.0,33.0,33.0,0.0,1.0,9.0,9.0,0.0,24.0,24.0
matbench_steels (composition),XGB,0.5,119,1.0,18.0,18.0,0.0,1.0,8.0,8.0,0.0,10.0,10.0
matbench_steels (composition),XGB,0.5,120,1.0,48.0,48.0,0.0,1.0,8.0,8.0,0.0,40.0,40.0
matbench_steels (composition),XGB,0.5,130,1.0,7.0,7.0,0.0,1.0,5.0,5.0,0.0,2.0,2.0
matbench_steels (composition),XGB,0.5,146,1.0,2.0,2.0,0.0,1.0,7.0,7.0,0.0,-5.0,-5.0
matbench_steels (composition),XGB,0.5,157,1.0,7.0,7.0,0.0,1.0,7.0,7.0,0.0,0.0,0.0
matbench_steels (composition),XGB,0.5,158,1.0,1.0,1.0,0.0,1.0,5.0,5.0,0.0,-4.0,-4.0
matbench_steels (composition),XGB,0.5,169,1.0,3.0,3.0,0.0,1.0,7.0,7.0,0.0,-4.0,-4.0
matbench_steels (composition),XGB,0.5,170,1.0,3.0,3.0,0.0,1.0,4.0,4.0,0.0,-1.0,-1.0
matbench_steels (composition),XGB,1.0,2,1.0,11.0,11.0,0.0,1.0,159.0,159.0,0.0,-148.0,-148.0
matbench_steels (composition),XGB,1.0,8,1.0,12.0,12.0,0.0,1.0,20.0,20.0,0.0,-8.0,-8.0
matbench_steels (composition),XGB,1.0,13,1.0,7.0,7.0,0.0,1.0,12.0,12.0,0.0,-5.0,-5.0
matbench_steels (composition),XGB,1.0,15,1.0,11.0,11.0,0.0,1.0,56.0,56.0,0.0,-45.0,-45.0
matbench_steels (composition),XGB,1.0,24,1.0,9.0,9.0,0.0,1.0,6.0,6.0,0.0,3.0,3.0
matbench_steels (composition),XGB,1.0,39,1.0,2.0,2.0,0.0,1.0,6.0,6.0,0.0,-4.0,-4.0
matbench_steels (composition),XGB,1.0,40,1.0,9.0,9.0,0.0,1.0,10.0,10.0,0.0,-1.0,-1.0
matbench_steels (composition),XGB,1.0,42,1.0,9.0,9.0,0.0,1.0,9.0,9.0,0.0,0.0,0.0
matbench_steels (composition),XGB,1.0,43,1.0,9.0,9.0,0.0,1.0,8.0,8.0,0.0,1.0,1.0
matbench_steels (composition),XGB,1.0,54,1.0,13.0,13.0,0.0,1.0,9.0,9.0,0.0,4.0,4.0
matbench_steels (composition),XGB,1.0,83,1.0,1.0,1.0,0.0,1.0,1.0,1.0,0.0,0.0,0.0
matbench_steels (composition),XGB,1.0,110,1.0,32.0,32.0,0.0,1.0,9.0,9.0,0.0,23.0,23.0
matbench_steels (composition),XGB,1.0,119,1.0,15.0,15.0,0.0,1.0,7.0,7.0,0.0,8.0,8.0
matbench_steels (composition),XGB,1.0,120,1.0,37.0,37.0,0.0,1.0,7.0,7.0,0.0,30.0,30.0
matbench_steels (composition),XGB,1.0,130,1.0,5.0,5.0,0.0,1.0,5.0,5.0,0.0,0.0,0.0
matbench_steels (composition),XGB,1.0,146,1.0,2.0,2.0,0.0,1.0,4.0,4.0,0.0,-2.0,-2.0
matbench_steels (composition),XGB,1.0,157,1.0,7.0,7.0,0.0,1.0,7.0,7.0,0.0,0.0,0.0
matbench_steels (composition),XGB,1.0,158,1.0,1.0,1.0,0.0,1.0,7.0,7.0,0.0,-6.0,-6.0
matbench_steels (composition),XGB,1.0,169,1.0,3.0,3.0,0.0,1.0,7.0,7.0,0.0,-4.0,-4.0
matbench_steels (composition),XGB,1.0,170,1.0,3.0,3.0,0.0,1.0,2.0,2.0,0.0,1.0,1.0
